"","item","Modality","Conc.M","CBOI_Mean","Max_strength.perceptual","Perceptibility"
"1","baa baa",NA,NA,NA,NA,NA
"2","choo choo",NA,NA,NA,NA,NA
"3","cockadoodledoo","auditory",NA,NA,NA,NA
"4","grrr","auditory",NA,NA,NA,NA
"5","meow","auditory",3.92,3.379310345,4.75,0.0424769291996878
"6","moo","auditory",3.4,NA,4.8,NA
"7","ouch",NA,2.76,5.208333333,4.210526316,0.731922412118149
"8","quack quack",NA,NA,NA,NA,NA
"9","uh oh",NA,NA,NA,NA,NA
"10","vroom","auditory",NA,NA,NA,NA
"11","woof woof",NA,NA,NA,NA,NA
"12","yum yum",NA,NA,NA,NA,NA
"13","alligator",NA,4.96,3.553191489,4.8125,0.237573598889292
"14","animal",NA,4.61,6.155555556,4.555555556,1.7999072471259
"15","ant",NA,4.86,5.785714286,4.266666667,1.20737969590497
"16","bear",NA,4.88,4.25,4.315789474,0.168702039541921
"17","bee",NA,4.88,5.382352941,4.5,1.18554052123527
"18","bird",NA,5,5.038461538,4.12,0.507773883426681
"19","bug",NA,5,5.59375,4.19047619,0.98380655031776
"20","bunny",NA,4.97,5.653846154,4.6,1.49290780790312
"21","butterfly",NA,4.93,5.785714286,4.5625,1.54420316005662
"22","cat",NA,4.86,6.111111111,4.789473684,2.03455810321708
"23","chicken",NA,NA,NA,NA,NA
"24","cow",NA,4.96,4.96969697,3.95,0.265205859900334
"25","deer",NA,4.86,3.956521739,4.368421053,0.0194444652429219
"26","dog",NA,4.85,6.511111111,4.588235294,2.09054338150295
"27","donkey",NA,5,5.057142857,4.5,0.95374142776629
"28","duck",NA,4.86,5.111111111,4.421052632,0.902322058718011
"29","elephant",NA,5,3.642857143,4.35,-0.225098823389359
"30","fish",NA,NA,NA,NA,NA
"31","frog",NA,5,5.038461538,3.777777778,0.118133969780729
"32","giraffe",NA,4.73,3.56,4.222222222,-0.429639116023648
"33","goose",NA,4.81,3.59375,4.105263158,-0.538747921935798
"34","hen",NA,4.9,4.666666667,4.222222222,0.35915662803124
"35","horse",NA,5,5.40625,4.647058824,1.37000859045607
"36","kitty",NA,4.97,6.576923077,4.111111111,1.59421834857696
"37","lambs",NA,NA,NA,NA,NA
"38","lion",NA,4.96,3.703703704,4.823529412,0.357411402081764
"39","monkey",NA,4.9,3.53125,3.80952381,-0.920012331095282
"40","moose",NA,4.97,2.916666667,4.0625,-1.07003908312716
"41","mouse",NA,4.83,5.346153846,4.076923077,0.678041296593296
"42","owl",NA,4.93,4.444444444,4.647058824,0.68446510043863
"43","penguin",NA,5,3.888888889,4.45,0.0641203637595671
"44","pig",NA,5,5.074074074,3.75,0.111890802076566
"45","pony",NA,4.9,5.260869565,3.526315789,-0.00964498205962216
"46","puppy",NA,4.78,5.777777778,4.55,1.52431429979245
"47","rooster",NA,4.75,3.8,4.294117647,-0.176717853855529
"48","sheep",NA,4.9,4.24,4.105263158,-0.0781220941268261
"49","squirrel",NA,4.89,4.464285714,4.342857143,0.352255992359141
"50","teddy bear",NA,NA,NA,NA,NA
"51","tiger",NA,5,4.24137931,4.470588235,0.338804891270521
"52","turkey",NA,4.89,5.2,4.105263158,0.606134454726734
"53","turtle",NA,5,4.64,4.277777778,0.403402734718439
"54","wolf",NA,4.79,2.96,4.111111111,-0.983805924482229
"55","zebra",NA,4.86,3.88,4,-0.454566530589339
"56","airplane",NA,4.96,5.827586207,4.166666667,1.12336881040574
"57","bicycle",NA,4.89,6.88,3.7,1.34216772758868
"58","boat",NA,4.93,5.696969697,3.631578947,0.421041135329579
"59","bus",NA,4.9,4.9375,4.263157895,0.598805400613231
"60","car",NA,4.89,6.52,4.388888889,1.8699116083151
"61","firetruck",NA,5,4.461538462,4.476190476,0.502105599420358
"62","helicopter",NA,4.62,4.869565217,4.764705882,1.12142528120282
"63","motorcycle",NA,4.97,4.333333333,4.1875,0.0820342778611537
"64","sled",NA,5,6.291666667,3.904761905,1.15595634650449
"65","stroller",NA,4.96,6,4.052631579,1.11642413011682
"66","tractor",NA,5,4.347826087,4.2,0.106596215480943
"67","train",NA,4.79,5.666666667,4.421052632,1.29830385813987
"68","tricycle",NA,4.68,5.230769231,4.4375,1.00633673200101
"69","truck",NA,4.84,6.208333333,4.277777778,1.52125935335446
"70","ball",NA,5,6.954545455,3.823529412,1.5359467094176
"71","balloon",NA,4.92,6.347826087,4.222222222,1.5574319851165
"72","bat",NA,5,4.896551724,4.052631579,0.329922349727059
"73","block",NA,4.48,6.043478261,3.459459459,0.472053034855142
"74","book",NA,4.9,6.923076923,4.5,2.2837180990053
"75","bubbles",NA,NA,6.608695652,NA,NA
"76","chalk",NA,4.9,6.388888889,4.136363636,1.48894520882949
"77","crayon",NA,4.87,6.96,4.052631579,1.80068067897038
"78","doll",NA,5,6.542253521,4.117647059,1.57694858201524
"79","game",NA,4.5,6.355633803,3.6875,0.95418470407383
"80","glue",NA,4.65,6.2,3.666666667,0.819534066198115
"81","pen",NA,4.92,6.369565217,4.315789474,1.67945868584866
"82","pencil",NA,4.88,6.911764706,3.684210526,1.34683133442462
"83","play dough",NA,NA,NA,NA,NA
"84","present",NA,3.39,5.892857143,3.5,0.410853001516342
"85","puzzle",NA,4.75,6.553191489,4.526315789,2.05003793678409
"86","story",NA,3.3,5.15625,4.357142857,0.861730582229456
"87","toy",NA,4.93,7,4.35,2.16776261967231
"88","apple",NA,5,6.925925926,4.833333333,2.66526817128109
"89","applesauce",NA,4.96,6.538461538,4.111111111,1.56680422363973
"90","banana",NA,5,6.90625,4.473684211,2.24176236247668
"91","beans",NA,NA,5.923076923,NA,NA
"92","bread",NA,4.92,6.961538462,4.421052632,2.22124605152999
"93","butter",NA,4.9,6.206896552,4.611111111,1.89975465920424
"94","cake",NA,4.81,6.714285714,4.444444444,2.07164533228461
"95","candy",NA,4.83,6.260869565,4.235294118,1.5103353393198
"96","carrots",NA,NA,6.52173913,NA,NA
"97","cereal",NA,4.83,6.892857143,4.588235294,2.3626394464976
"98","cheerios",NA,NA,NA,NA,NA
"99","cheese",NA,4.7,6.137931034,3.9375,1.08365285011516
"100","chocolate",NA,4.72,5.903225806,4.555555556,1.62005486805498
"101","coffee",NA,4.81,4.833333333,4.611111111,0.92072379684473
"102","coke",NA,4.83,3.466666667,4.184210526,-0.539442585830951
"103","cookie",NA,5,6.378378378,4,1.32619572634882
"104","corn",NA,4.96,6.225806452,4.578947368,1.87661272339289
"105","cracker",NA,4.96,6.52,4.526315789,2.02638013083153
"106","donut",NA,4.93,6.259259259,4.55,1.86749852534033
"107","drink",NA,NA,NA,NA,NA
"108","egg",NA,4.97,6.558823529,4.0625,1.52597100518058
"109","food",NA,4.8,6.827586207,4.578947368,2.30554161748272
"110","french fries",NA,NA,NA,NA,NA
"111","grapes",NA,NA,NA,NA,NA
"112","green beans",NA,NA,NA,NA,NA
"113","gum",NA,4.89,5.846153846,3.235294118,0.0761813716071064
"114","hamburger",NA,5,6.12,4.882352941,2.14664225081712
"115","ice",NA,4.89,5.857142857,4.3125,1.31047555785925
"116","ice cream",NA,NA,NA,NA,NA
"117","jello",NA,NA,6.111111111,NA,NA
"118","jelly",NA,4.93,5.214285714,4,0.496468613000503
"119","juice",NA,4.89,6.129032258,4.75,2.00238862346676
"120","lollipop",NA,4.96,6.47826087,4,1.39738869433509
"121","meat",NA,4.9,5.451612903,4.631578947,1.3847170408147
"122","melon",NA,4.78,NA,4.444444444,NA
"123","milk",NA,4.92,6.72,4.666666667,2.32873122012497
"124","muffin",NA,4.78,5.96969697,4.388888889,1.47767363734483
"125","noodles",NA,4.96,6.607142857,4.5,2.05853064726943
"126","nuts",NA,NA,6.275862069,NA,NA
"127","orange",NA,NA,NA,NA,NA
"128","pancake",NA,4.86,6.769230769,4.294117647,1.93965256150462
"129","peanut butter",NA,NA,NA,NA,NA
"130","peas",NA,NA,6.333333333,NA,NA
"131","pickle",NA,4.64,5.739130435,4.529411765,1.4733268362751
"132","pizza",NA,5,6.75,5,2.72963363355196
"133","popcorn",NA,5,6.703703704,4.1875,1.77155662115823
"134","popsicle",NA,4.93,6.64,4.529411765,2.11543714826896
"135","potato",NA,4.85,6.114285714,4.55,1.7641661320312
"136","potato chip",NA,NA,NA,NA,NA
"137","pretzel",NA,4.74,6.52,4.5625,2.06757796061299
"138","pudding",NA,4.9,4.625,4.238095238,0.347530345227008
"139","pumpkin",NA,4.9,6.37037037,4.333333333,1.70000727687698
"140","raisin",NA,4.97,6.424242424,4.666666667,2.11792490944679
"141","salt",NA,4.89,5,4.5,0.913011871388735
"142","sandwich",NA,4.9,6.88,4.421052632,2.16312810714775
"143","sauce",NA,4.75,5.692307692,4.35,1.23568238463645
"144","sodapop",NA,NA,NA,NA,NA
"145","soup",NA,4.72,6.488372093,4.090909091,1.50810093292981
"146","spaghetti",NA,5,6.470588235,4.375,1.81887921271166
"147","strawberry",NA,5,6.791666667,4.631578947,2.33986346147393
"148","toast",NA,4.93,6.466666667,4.647058824,2.12583884973546
"149","tuna",NA,4.89,4.966666667,4.176470588,0.520895901953019
"150","vanilla",NA,4.68,NA,4.555555556,NA
"151","vitamins",NA,4.5,5.96,2.8125,-0.324048525322811
"152","water",NA,NA,NA,NA,NA
"153","yogurt",NA,4.9,6.76,4.526315789,2.19744426804492
"154","beads",NA,NA,NA,NA,NA
"155","belt",NA,4.9,5,4,0.343732776406481
"156","bib",NA,4.79,4.804878049,3.166666667,-0.744142249014457
"157","boots",NA,5,6.893617021,4.117647059,1.82738897358098
"158","button",NA,4.96,6.586206897,3.875,1.33200931214939
"159","coat",NA,4.97,6.24,4,1.227564152009
"160","diaper",NA,4.82,5.222222222,3.235294118,-0.368536648975016
"161","dress",NA,4.93,6.434782609,4.352941176,1.76824288082266
"162","gloves",NA,NA,NA,NA,NA
"163","hat",NA,4.88,5.633333333,4.470588235,1.33094411620886
"164","jacket",NA,4.86,6.885714286,4.117647059,1.82175616297931
"165","jeans",NA,5,6.041666667,4.333333333,1.46571804624139
"166","mittens",NA,NA,6.84,NA,NA
"167","necklace",NA,4.96,6.333333333,3.9375,1.22292920714828
"168","pajamas",NA,4.73,7,3.761904762,1.49818196996828
"169","pants",NA,4.86,6.857142857,3.95,1.61051545238624
"170","scarf",NA,4.97,6.24,3.88372093,1.09517366453904
"171","shirt",NA,4.94,6.782608696,4.8,2.52516440575445
"172","shoe",NA,4.97,6.818181818,4.388888889,2.08244583926881
"173","shorts",NA,4.82,6.125,4.368421053,1.56506472684274
"174","slipper",NA,4.86,6.68,3.75,1.25654218940908
"175","sneaker",NA,4.69,5.961538462,4.117647059,1.16303391312084
"176","snowsuit",NA,5,NA,3.235294118,NA
"177","sock",NA,4.91,6.826086957,4.111111111,1.77181419923088
"178","sweater",NA,4.78,6.434782609,4.105263158,1.48624704495458
"179","tights",NA,4.62,NA,4.352941176,NA
"180","underpants",NA,4.89,NA,4.111111111,NA
"181","zipper",NA,4.83,6.608695652,4,1.49035833369111
"182","ankle",NA,4.81,6.173913043,4.090909091,1.28396482427484
"183","arm",NA,4.96,6.30952381,3.939393939,1.20811491895195
"184","belly button",NA,NA,NA,NA,NA
"185","buttocksbottom",NA,NA,NA,NA,NA
"186","cheek",NA,4.83,6.03125,3.947368421,1.01884987567405
"187","chin",NA,4.89,5.777777778,4.166666667,1.08786699401891
"188","ear",NA,5,6.612903226,3.833333333,1.30359765588448
"189","eye",NA,4.9,6.47826087,4.611111111,2.09317425474245
"190","face",NA,4.87,6.730769231,4.95,2.6589986619415
"191","feet",NA,NA,NA,NA,NA
"192","finger",NA,5,6.956521739,4.105263158,1.85812560380423
"193","hair",NA,4.97,6.718309859,4.388888889,2.01126037885987
"194","hand",NA,4.72,6.75,4.25,1.87571499107858
"195","head",NA,4.75,6.659090909,4.473684211,2.06559545974184
"196","knee",NA,5,6.608695652,4.25,1.77499788118224
"197","leg",NA,4.83,6.666666667,3.823529412,1.33075614070403
"198","lips",NA,NA,6.379310345,NA,NA
"199","mouth",NA,4.74,6.909090909,2.947368421,0.505987926162475
"200","nose",NA,4.89,6.681818182,4.238095238,1.81356296067969
"201","owie boo boo",NA,NA,NA,NA,NA
"202","penis",NA,5,NA,4.352941176,NA
"203","shoulder",NA,4.93,6.461538462,4.052631579,1.44539362508692
"204","tooth",NA,4.89,6.68,3.375,0.829582868172394
"205","toe",NA,4.93,6.72,4.368421053,1.98916123368427
"206","tongue",NA,4.93,6.433333333,3.363636364,0.640828788296579
"207","tummy",NA,4.68,6.32,3.315789474,0.505572033042903
"208","vagina",NA,4.82,NA,4.55,NA
"209","basement",NA,4.89,6.111111111,4.15,1.3064801030321
"210","bathroom",NA,4.52,6.239130435,4.7,2.0239350875405
"211","bed",NA,5,6.666666667,4.421052632,2.01107109652899
"212","bedroom",NA,4.9,6.481481481,4.529411765,2.0024503412478
"213","bench",NA,4.87,5.035714286,3.894736842,0.249340518767313
"214","closet",NA,4.83,5.92,4.142857143,1.16212980588206
"215","couch",NA,4.71,6.59375,4.105263158,1.59955379323158
"216","dryer",NA,4.79,5.56097561,4.058823529,0.810551823455401
"217","porch",NA,4.92,4.666666667,4.4,0.561566973166832
"218","room",NA,4.79,6.08,3.95,1.05659348436851
"219","shower",NA,4.89,6.3,3.761904762,0.999244903095895
"220","sofa",NA,4.9,6.48,4.166666667,1.58838798792933
"221","washing machine",NA,NA,NA,NA,NA
"222","chair",NA,4.58,6.785714286,4.35,2.01502678307829
"223","crib",NA,4.86,4.375,3.647058824,-0.503590814097227
"224","door",NA,4.81,6.791666667,4.647058824,2.35748820221192
"225","drawer",NA,4.67,5.739130435,3.647058824,0.46871666886028
"226","garage",NA,4.96,5.913043478,3.722222222,0.6782540906177
"227","high chair",NA,NA,NA,NA,NA
"228","kitchen",NA,4.97,6.153846154,4.444444444,1.6721823748194
"229","living room",NA,NA,NA,NA,NA
"230","oven",NA,4.97,5.375,4.368421053,1.0304892980509
"231","play pen",NA,NA,NA,NA,NA
"232","potty",NA,4.12,6.266666667,3.25,0.392652636130248
"233","refrigerator",NA,5,6.269230769,3.777777778,0.995385955654906
"234","rocking chair",NA,NA,NA,NA,NA
"235","sink",NA,4.74,6.173913043,4.105263158,1.30030776481699
"236","stairs",NA,5,6.319148936,3.7,0.942411463553803
"237","stove",NA,4.96,5.321428571,3.411764706,-0.0969035803123655
"238","table",NA,4.9,6.575757576,4.736842105,2.30581876558118
"239","TV",NA,NA,NA,NA,NA
"240","window",NA,4.86,6.185185185,4.705882353,1.9921820818582
"241","basket",NA,5,5.913043478,4.625,1.70611912347756
"242","blanket",NA,5,6.8,4.157894737,1.80648615147055
"243","bottle",NA,4.91,6.4,4.176470588,1.54252894340651
"244","bowl",NA,4.87,6.866666667,4.526315789,2.27347277371069
"245","box",NA,4.9,6.8,4.368421053,2.0461826127554
"246","broom",NA,4.89,5.615384615,4.166666667,0.972118467694124
"247","brush",NA,4.54,6.692307692,3.388888889,0.854168696130637
"248","bucket",NA,4.96,6.357142857,3.941176471,1.24408573198433
"249","camera",NA,5,6.08,4.4,1.56894466985254
"250","can",NA,NA,NA,NA,NA
"251","clock",NA,5,5.925925926,4.315789474,1.36324713356168
"252","comb",NA,5,6.085106383,4.157894737,1.29693340233945
"253","cup",NA,5,6.857142857,4.5,2.23672245686672
"254","dish",NA,4.9,6.740740741,4,1.58447574712049
"255","fork",NA,4.9,6.8,4.111111111,1.75322027093201
"256","garbage",NA,4.69,6.166666667,4.578947368,1.83445982215951
"257","glass",NA,4.82,5.444444444,4.210526316,0.900214676658608
"258","glasses",NA,4.9,6.423076923,4.55,1.98426238930896
"259","hammer",NA,4.77,5.37037037,4.210526316,0.847417103497396
"260","jar",NA,5,6.038461538,4.529411765,1.68668023992438
"261","keys",NA,NA,6.307692308,NA,NA
"262","knife",NA,4.9,4.90625,4.5,0.846189942789755
"263","lamp",NA,4.97,5.96,4.705882353,1.83167745941961
"264","light",NA,4.21,5.666666667,4.6,1.50204584954886
"265","medicine",NA,4.79,5.32,3.9,0.457962473694551
"266","money",NA,4.54,6,4.333333333,1.43601941107092
"267","mop",NA,4.97,5.1875,3.684210526,0.117831941677159
"268","nail",NA,4.93,5.269230769,4.571428571,1.18623632760776
"269","napkin",NA,4.93,6.32,4.375,1.71154485231682
"270","paper",NA,4.93,6.739130435,4.315789474,1.94287266568719
"271","penny",NA,4.83,5.2,4.470588235,1.0220783131445
"272","picture",NA,4.52,6.204545455,4.631578947,1.92138269659701
"273","pillow",NA,5,6.814814815,4.882352941,2.64188348769652
"274","plant",NA,4.76,6.033333333,4.292682927,1.41349546610296
"275","plate",NA,4.77,6.956521739,4.45,2.25062855864583
"276","purse",NA,4.9,5.62962963,4.611111111,1.48829770939691
"277","radio",NA,4.74,5.75,4.722222222,1.70060023103079
"278","scissors",NA,4.85,6,3.380952381,0.351678278205129
"279","soap",NA,4.93,6.68,3.952380952,1.4869646798015
"280","spoon",NA,4.96,6.931818182,4.333333333,2.10018888333584
"281","tape",NA,4.9,6.035714286,3.789473684,0.84225952651401
"282","telephone",NA,4.96,5.730769231,4.15,1.03538487158077
"283","tissuekleenex",NA,NA,NA,NA,NA
"284","toothbrush",NA,5,7,4.058823529,1.8362412638903
"285","towel",NA,4.86,6.8,4.347826087,2.02273404554406
"286","trash",NA,4.7,5.5,3.875,0.557796621855481
"287","tray",NA,4.74,4.458333333,3.684210526,-0.401894169885834
"288","vacuum",NA,4.22,6.34375,3.5,0.732234658009615
"289","walker",NA,4.42,NA,3.764705882,NA
"290","watch",NA,NA,NA,NA,NA
"291","backyard",NA,4.57,6.4,4.7,2.13859764312641
"292","beach",NA,4.79,4.888888889,4.444444444,0.770562278365086
"293","church",NA,4.9,3.407407407,4.25,-0.506775500493978
"294","flower",NA,5,6.652173913,4.388888889,1.9641208432712
"295","garden",NA,4.73,6.16,3.85,0.999759044443191
"296","home",NA,4.11,6.185185185,4,1.18849394769864
"297","house",NA,5,5.9375,4.875,2.00819047861523
"298","moon",NA,4.9,2.913043478,4.777777778,-0.258236201303336
"299","park",NA,4.74,6.347826087,4.117647059,1.43836707681598
"300","party",NA,3.89,5.307692308,4.705882353,1.36673390721278
"301","pool",NA,4.77,5.76,4.294117647,1.22030593338716
"302","rain",NA,4.97,6.538461538,4.0625,1.51145764508741
"303","rock",NA,4.91,6.72,4.1,1.68354824543223
"304","school",NA,4.79,6.555555556,3.5,0.883202719235208
"305","shovel",NA,4.97,6.230769231,4,1.22098476228066
"306","sky",NA,4.45,3.541666667,4.736842105,0.1432181673517
"307","slide",NA,NA,NA,NA,NA
"308","snow",NA,4.85,6.457142857,4.095238095,1.49077057958768
"309","star",NA,4.69,3.538461538,4.444444444,-0.191978095252326
"310","store",NA,4.5,5.4,3.944444444,0.5655864384803
"311","sun",NA,4.83,3.6,4.7,0.142849375636862
"312","swing",NA,NA,NA,NA,NA
"313","tree",NA,5,6.666666667,4.75,2.38559681643266
"314","work",NA,NA,NA,NA,NA
"315","zoo",NA,4.81,5.355555556,3.533333333,0.0658339724542213
"316","camping",NA,4,NA,4,NA
"317","circus",NA,4.43,3.307692308,4.235294118,-0.594592658625658
"318","cloud",NA,4.54,2.9,4.9,-0.128376053242625
"319","country",NA,NA,NA,NA,NA
"320","downtown",NA,4.39,3.408163265,4.3125,-0.435076862801922
"321","farm",NA,4.59,5,4,0.343732776406481
"322","flag",NA,4.79,5.260869565,4.166666667,0.719431754538242
"323","gas station",NA,NA,NA,NA,NA
"324","grass",NA,4.93,6.782608696,4.411669064,2.08302703815506
"325","hose",NA,4.87,5.391304348,3.823529412,0.421719662644847
"326","ladder",NA,5,5.444444444,4.631578947,1.37960759808976
"327","lawn mower",NA,NA,NA,NA,NA
"328","movie",NA,4.59,5.28,4.823529412,1.48094375986469
"329","outside",NA,4.25,6,4.421052632,1.53589293736532
"330","picnic",NA,4.83,4.956521739,4.05,0.369670805881775
"331","playground",NA,4.77,6.84,4.2,1.88293613303537
"332","roof",NA,4.79,4.148148148,4.105263158,-0.143591085017793
"333","sandbox",NA,4.86,5.966666667,3.4,0.349606193108187
"334","sidewalk",NA,4.96,5.606060606,4.5,1.34499201582379
"335","snowman",NA,4.64,6.793103448,3.894736842,1.50194993854103
"336","sprinkler",NA,4.89,5.738095238,4.526315789,1.46906403293749
"337","stick",NA,4.59,6.466666667,4.111111111,1.51563119170656
"338","stone",NA,4.72,5.636363636,4.111111111,0.923818393274569
"339","street",NA,4.75,6.0625,4.117647059,1.23499598974461
"340","wind",NA,3.93,4.6875,3.6875,-0.234806419954029
"341","woods",NA,4.87,NA,3.882352941,NA
"342","yard",NA,4.82,5.75862069,4.777777778,1.76999800971693
"343","aunt",NA,4.17,5.769230769,3.166666667,-0.0567832239470158
"344","baby",NA,5,6.020833333,4.380952381,1.50508578539849
"345","babysitter",NA,4.57,NA,3.842105263,NA
"346","babysitters name",NA,NA,NA,NA,NA
"347","boy",NA,4.76,6.173913043,4,1.18045953417457
"348","brother",NA,4.43,5.805555556,3.842105263,0.738134039461976
"349","child",NA,4.78,5.964285714,4.2,1.25875567978525
"350","clown",NA,4.9,4.411764706,4.05,-0.0186141601226889
"351","cowboy",NA,4.72,4.875,3.882352941,0.120688849058153
"352","daddy",NA,4.24,6.826086957,3.944444444,1.58205450052394
"353","doctor",NA,4.69,6.04,4,1.08501070433117
"354","fireman",NA,4.8,5.115384615,4.444444444,0.932001011493046
"355","friend",NA,3.07,6.391304348,3.736842105,1.03578835768315
"356","girl",NA,4.85,5.52173913,4.5,1.28489043023838
"357","grandma",NA,4.54,6.64,4.235294118,1.78056709246402
"358","grandpa",NA,4.39,6.577777778,3.105263158,0.449611126701192
"359","lady",NA,4.33,4.730769231,4.117647059,0.285781927246659
"360","mailman",NA,4.57,5.142857143,3.888888889,0.319050202281646
"361","man",NA,4.79,6.2,4.058823529,1.266027473179
"362","mommy",NA,4.07,6.6,3.9,1.37030453883263
"363","nurse",NA,4.39,4.666666667,3.904761905,-0.00229041587783893
"364","childs own name",NA,NA,NA,NA,NA
"365","people",NA,4.82,6.208333333,4.166666667,1.39475288792936
"366","person",NA,4.72,6.037037037,4.454545455,1.60042525187761
"367","pets name",NA,NA,NA,NA,NA
"368","police",NA,4.79,4.457142857,4.388888889,0.39957461930771
"369","sister",NA,4,6.083333333,4.210526316,1.35559374570863
"370","teacher",NA,4.52,5.939393939,4.05,1.07022990956522
"371","uncle",NA,4.24,5.310344828,4.15,0.735720130903066
"372","bath",NA,4.85,6.678571429,4.157894737,1.71993584425734
"373","breakfast",NA,4.43,6.869565217,4.625,2.38789648184375
"374","bye or bye bye",NA,NA,NA,NA,NA
"375","call",NA,4,3.633333333,4.55,-0.00417544514909995
"376","dinner",NA,4.5,6.16,4.823529412,2.10817892964712
"377","dont",NA,NA,NA,NA,NA
"378","hello",NA,2.8,4.461538462,3.764705882,-0.307961012111915
"379","hi",NA,2.67,3.52173913,3.473684211,-1.30916429359571
"380","lunch",NA,4.31,6.565217391,4.777777778,2.34491371278248
"381","nap",NA,4.03,4.395348837,3.238095238,-0.95471566998186
"382","night night",NA,NA,NA,NA,NA
"383","no",NA,2.45,3.6,4.222222222,-0.401128426488083
"384","patty cake",NA,NA,NA,NA,NA
"385","peekaboo",NA,3.23,NA,3.764705882,NA
"386","please",NA,1.64,3.166666667,2.842105263,-2.28133769633081
"387","shhshushhush",NA,NA,NA,NA,NA
"388","thank you",NA,NA,NA,NA,NA
"389","wait","abstract",2.68,3.565217391,1.736842105,-3.25567021803428
"390","wannawant to",NA,NA,NA,NA,NA
"391","yes",NA,2.14,4.76,4.222222222,0.425681570043302
"392","give me five",NA,NA,NA,NA,NA
"393","gonna get you",NA,NA,NA,NA,NA
"394","go potty",NA,NA,NA,NA,NA
"395","shopping",NA,3.44,3.92,3.705882353,-0.760925896858714
"396","snack",NA,4.36,6.608695652,4.684210526,2.26937183172834
"397","so big",NA,NA,NA,NA,NA
"398","this little piggy",NA,NA,NA,NA,NA
"399","turn around",NA,NA,NA,NA,NA
"400","bite",NA,4.44,5.153846154,3.125,-0.542849141489095
"401","blow",NA,3.74,3.791666667,3.588235294,-0.986345714764084
"402","break",NA,3.71,4.181818182,2.764705882,-1.64589465357346
"403","bring",NA,2.55,3.933333333,2.9,-1.6689662870738
"404","bump",NA,4.1,4.4,3.923076923,-0.171508965942614
"405","clean",NA,NA,NA,NA,NA
"406","close",NA,3.2,3.76,3.842105263,-0.719870945159676
"407","cry",NA,4,4.395833333,4.0625,-0.0157375434850894
"408","dance",NA,4.32,4.78125,4.473684211,0.727131980899786
"409","draw",NA,3.97,5.16,4.0625,0.528935421421523
"410","drive",NA,3.86,4.178571429,4.111111111,-0.115248132254009
"411","eat",NA,4.44,5.791666667,4.526315789,1.50724799244238
"412","fall",NA,4.04,4,4.166666667,-0.179274763275706
"413","feed",NA,4.17,3.96,3.176470588,-1.33518130822746
"414","finish","abstract",2.89,3.777777778,3.0625,-1.594825484558
"415","get",NA,2.38,3.423076923,2.470588235,-2.52157062120771
"416","give",NA,2.83,3.607142857,3.555555556,-1.15507602458062
"417","go",NA,3.15,3.444444444,2.421052632,-2.5627397187638
"418","help",NA,2.56,3.642857143,3.153846154,-1.5869895812102
"419","hit",NA,4.11,4.322580645,3.15,-1.10688400795804
"420","hug",NA,4.14,6.217391304,4.4375,1.70956862230697
"421","hurry",NA,2.63,3.458333333,2.863636364,-2.04893284089332
"422","jump",NA,4.52,4.806451613,3.944444444,0.14252459382799
"423","kick",NA,4.33,5,3.631578947,-0.0757360308420166
"424","kiss",NA,4.48,5.739130435,3.833333333,0.680801036663847
"425","look","visual",2.96,4.565217391,4.222222222,0.286846907740144
"426","love","abstract",2.07,4.395759717,4.388888889,0.355822728126256
"427","open",NA,3.21,3.577777778,3.411764706,-1.33972074075398
"428","play",NA,3.24,5.461538462,3.75,0.388062723885459
"429","pull",NA,3.97,3.791666667,4.388888889,-0.0747550068523073
"430","push",NA,4.21,4.148148148,3.944444444,-0.326692548942052
"431","put",NA,2.5,2.419354839,3.176470588,-2.433302704971
"432","read",NA,3.56,4.735294118,4.5,0.724338190890237
"433","ride",NA,3.75,4.367346939,2.45,-1.8719667931859
"434","run",NA,4.31,5.652173913,3.555555556,0.302555113624499
"435","say",NA,2.58,2.933333333,3.9,-1.24317533549842
"436","see","visual",3.21,4.692307692,5,1.26297796972425
"437","show",NA,3.97,4.37037037,4.466666667,0.426280559519704
"438","sing",NA,4.34,4.173913043,4.875,0.751163473615259
"439","sleep",NA,4.44,4.966666667,3.523809524,-0.222196697735131
"440","smile",NA,4.5,5.148148148,4.7,1.24631865570406
"441","splash",NA,4.19,5.260869565,3.05,-0.551958224634979
"442","stop",NA,3.68,4.483870968,3.5625,-0.522266296494083
"443","swim",NA,4.43,4.965517241,3.3,-0.477836137473142
"444","take",NA,3.06,4,3.421052632,-1.02819972937744
"445","throw",NA,4.04,4.653846154,4,0.0970056555352868
"446","tickle",NA,3.85,5.238095238,4,0.513439261669343
"447","touch",NA,3.86,4.869565217,4.875,1.24700155255663
"448","walk",NA,4.07,5.821428571,3.117647059,-0.0753900169227432
"449","wash",NA,4.35,5.2,3.25,-0.367632418389074
"450","wipe",NA,4,4.608695652,3.882352941,-0.0691241656368235
"451","write",NA,4.22,4.48,3.651162791,-0.424077648827174
"452","build",NA,3.71,4.391304348,3.529411765,-0.625917631549219
"453","buy",NA,3.35,3.541666667,3.555555556,-1.20174530770716
"454","carry",NA,4.04,4.793103448,3.047619048,-0.888077440460585
"455","catch",NA,4.11,4.956521739,4.058823529,0.379716907089114
"456","chase",NA,3.48,4.47826087,3.470588235,-0.630911883347479
"457","clap",NA,4.16,6.192307692,4.625,1.90516950607125
"458","climb",NA,4.11,4.444444444,2.736842105,-1.49042778958595
"459","cook",NA,4.32,4.875,4.25,0.539276419098968
"460","cover",NA,4.23,4.041666667,3.212121212,-1.23638167358888
"461","cut",NA,4.55,4.933333333,3.45,-0.329992044204195
"462","drop",NA,4.21,3.961538462,3.764705882,-0.664344631306478
"463","dry",NA,NA,NA,NA,NA
"464","dump",NA,3.93,3.6,3.315789474,-1.43315485537552
"465","find",NA,2.63,3,3.444444444,-1.71433402863585
"466","fit",NA,2.7,3.25,4.333333333,-0.524090494499172
"467","fix",NA,2.93,4.074074074,3.722222222,-0.632503052953475
"468","hate",NA,1.97,2.533333333,3.578947368,-1.89381933442733
"469","have",NA,2.18,2.977777778,2.45,-2.86240616662257
"470","hear","auditory",3.66,3.62962963,4.611111111,0.0627632326186565
"471","hide",NA,3.21,3.913043478,3.25,-1.28493286450189
"472","hold",NA,3.68,4.945945946,4.352941176,0.707048884123669
"473","knock",NA,4.24,4.96969697,3.823529412,0.121211736143306
"474","lick",NA,4.52,5.647058824,3.315789474,0.0259216094270527
"475","like",NA,1.89,2.952380952,3.142857143,-2.09165001751638
"476","listen","auditory",3.47,3.652173913,4.55,0.00925350302714945
"477","make",NA,2.67,3.32,3.388888889,-1.54950174449461
"478","paint",NA,4.79,6.56,4.35,1.85414503478109
"479","pick",NA,3.82,4.483870968,2.666666667,-1.54222467462444
"480","pour",NA,4.14,4.647058824,3.636363636,-0.321853291325964
"481","pretend","abstract",2.11,4.086956522,2.85,-1.61639662039596
"482","rip",NA,3.79,4.16,2.529411765,-1.92934198286508
"483","shake",NA,4.07,3.821428571,2.888888889,-1.76137898167579
"484","share",NA,2.96,4.259259259,3.368421053,-0.903332338634412
"485","sit",NA,4.8,5.6,3.194444444,-0.145778756315256
"486","skate",NA,4.56,6.04,3.470588235,0.482244603426857
"487","spill",NA,4.07,5.407407407,4.277777778,0.950385592925189
"488","stand",NA,4.16,5.379310345,4,0.614092763504558
"489","stay",NA,2.15,3.481481481,3.35,-1.47868029830082
"490","sweep",NA,3.72,3.777777778,3.444444444,-1.15995950973036
"491","talk",NA,4.07,5.041666667,4.5,0.942710506559205
"492","taste",NA,4.07,4.962962963,4.647058824,1.05404811327988
"493","tear",NA,4.56,3.869565217,3.333333333,-1.22104289574063
"494","think","abstract",2.41,3.518518519,3.529411765,-1.24801077659071
"495","wake",NA,3.11,2.875,3.944444444,-1.23415083845224
"496","wish",NA,1.77,3.36,2.583333333,-2.43816293071426
"497","after",NA,2.12,3.28,1.05,-4.24097353401811
"498","before",NA,1.96,2.814814815,1.588235294,-3.95973009155844
"499","day",NA,3.92,4.555555556,4.210526316,0.266643798724067
"500","later",NA,1.8,3.185185185,1.555555556,-3.73295000909818
"501","morning",NA,3.44,3.68,3.588235294,-1.06593805662179
"502","night",NA,4.52,3.47826087,4.75,0.113005621641092
"503","now",NA,1.48,3.115384615,2.526315789,-2.67743455484106
"504","time","abstract",3.07,2.666666667,2.333333333,-3.21698776325092
"505","today",NA,2.57,4.034482759,2.5,-2.05229356602494
"506","tomorrow","abstract",2.04,2.64516129,1,-4.75039367766555
"507","tonight",NA,2.93,3.333333333,2.588235294,-2.45158888946545
"508","yesterday",NA,3,3.322580645,1.027777778,-4.23592473812994
"509","all gone",NA,NA,NA,NA,NA
"510","asleep",NA,3.71,4.391304348,3.157894737,-1.04891138648989
"511","awake",NA,3.32,3.666666667,3.789473684,-0.846320002492953
"512","bad","abstract",1.68,3.794117647,2.7,-1.99590630511737
"513","better",NA,1.91,2.923076923,2.294117647,-3.07887627365753
"514","big",NA,3.66,4,3.888888889,-0.495540927407749
"515","black","visual",3.76,3.6,4.470588235,-0.118349268278102
"516","blue","visual",3.76,5.541666667,4.45,1.24216621625554
"517","broken",NA,4.11,4.125,4.470588235,0.255853531876189
"518","brown","visual",4.48,4.76,4.384615385,0.610575635771193
"519","careful",NA,1.86,3.208333333,2.722222222,-2.38813288004151
"520","cold",NA,3.85,5.625,4.105263158,0.909060531042112
"521","cute",NA,2.76,3.533333333,4.166666667,-0.511899474761554
"522","dark","visual",4.29,4.038461538,4.684210526,0.437393160279038
"523","dirty",NA,4.23,3.96875,4.25,-0.106668890691177
"524","empty",NA,3.43,3.852941176,4.058823529,-0.406879163140312
"525","fast",NA,3.32,4,3.421052632,-1.02819972937744
"526","fine",NA,2.61,2.733333333,2.368421053,-3.12952053686031
"527","first",NA,2.76,3.692307692,3.1875,-1.51342598797554
"528","full",NA,3.59,4.44,4.210526316,0.184279584193428
"529","gentle","abstract",2.53,3.666666667,3.263157895,-1.44556115456653
"530","good","abstract",1.64,3.375,3,-1.95307217594035
"531","green","visual",4.07,4.814814815,4.473684211,0.751055881394378
"532","happy",NA,2.56,4.066666667,4.5,0.247762449129807
"533","hard",NA,3.76,4.357142857,4.55,0.511732270392128
"534","heavy",NA,3.37,4.04,3.3125,-1.12328252804768
"535","high",NA,3.46,4.12,3.166666667,-1.23230088463352
"536","hot",NA,4.31,4,4.117647059,-0.235086439432956
"537","hungry",NA,2.9,3.375,4.516595957,-0.226339428230945
"538","hurt",NA,3.61,3.958333333,3.944444444,-0.461986330434945
"539","last",NA,3.04,3.642857143,3.315789474,-1.40260768791416
"540","little",NA,3.67,3.4,4.277777778,-0.480428640884076
"541","long",NA,3.18,3.44,3.823529412,-0.969106148735806
"542","loud","auditory",3.73,4.961538462,4.68,1.09053822135789
"543","mad",NA,2.76,3.90625,3.157894737,-1.39464223458249
"544","naughty",NA,2.04,3.942857143,3.380952381,-1.11458575495068
"545","new",NA,2.81,4.217391304,3.9375,-0.285244949453535
"546","nice",NA,2.18,3.173913043,2.529411765,-2.63219246001751
"547","noisy","auditory",3.56,3.756097561,4.752296444,0.313653147732329
"548","old",NA,2.72,3.444444444,3.35,-1.50507908488143
"549","poor",NA,2.7,1.807692308,2.944444444,-3.13345098455506
"550","pretty",NA,2.4,2.333333333,5,-0.418421669570934
"551","quiet","auditory",2.76,3.853658537,4.285714286,-0.148039522111817
"552","red","visual",4.24,4.925925926,4.555555556,0.923467531509355
"553","sad",NA,3.07,3.666666667,3.352941176,-1.3433376646621
"554","scared",NA,2.5,2.869565217,3.777777778,-1.42778427129078
"555","sick",NA,2.97,4.615384615,3.894736842,-0.0502567000443669
"556","sleepy",NA,2.77,3.555555556,4.5625,-0.0453809190948787
"557","slow",NA,3.28,3.625,3.904761905,-0.744756289437434
"558","soft",NA,3.88,4.575757576,4.526315789,0.640587827518075
"559","sticky",NA,3.59,4.680851064,3.875,-0.02606590308663
"560","stuck",NA,3.55,4.086956522,3.777777778,-0.560067632786992
"561","thirsty",NA,3.86,4.25,4.55,0.435364352095116
"562","tiny",NA,3.11,3.481481481,3.894736842,-0.858465705466321
"563","tired",NA,3,2.9375,4.432432432,-0.63400016571122
"564","wet",NA,4.46,5.56,4.5,1.31216152488664
"565","white","visual",3.89,4.304347826,4.6,0.531029611443814
"566","windy",NA,3.86,5.12,3.764705882,0.161368799913801
"567","yellow","visual",4.3,5.708333333,4.588235294,1.51834968163774
"568","yucky",NA,1.86,3.84,3,-1.62163541008941
"569","he",NA,3.93,3.869565217,3.722222222,-0.778270266183481
"570","her",NA,3,3.68,4.242424242,-0.321105872092126
"571","hers",NA,2.61,2,3.095238095,-2.82469301566653
"572","him",NA,3.54,4.08,3.205882353,-1.21616223369871
"573","his",NA,3.14,3.734693878,2.75,-1.98133371134395
"574","I",NA,NA,NA,NA,NA
"575","it",NA,2.81,3.21875,2.9375,-2.13560194381144
"576","me",NA,4.33,5.444444444,4.108108108,0.783605587138719
"577","mine",NA,3.56,3.791666667,3.25,-1.37144627888284
"578","my",NA,2.42,3.722222222,1.833333333,-3.03390144032952
"579","myself",NA,2.97,4.4375,3.6875,-0.41299822955131
"580","our",NA,1.97,2.32,2.047619048,-3.78938274530668
"581","she",NA,3.36,3.72,3.578947368,-1.04800221130131
"582","that",NA,1.54,2.407407407,2.052631579,-3.72137455098203
"583","their",NA,3.34,2.28,3.1,-2.61969648298
"584","them",NA,3.04,3.525,3.555555556,-1.2136247619179
"585","these",NA,2.03,2.545454545,3.294117647,-2.20947494321402
"586","they",NA,2.93,2.333333333,3.0625,-2.62437816262717
"587","this",NA,2.14,3.260869565,2.142857143,-3.01032763071838
"588","those",NA,2.32,2.529411765,2.8125,-2.76925942763399
"589","us",NA,3.59,3.730769231,2.685714286,-2.0573240973202
"590","we",NA,3.08,3.620689655,4.055555556,-0.576141215798889
"591","you",NA,4.11,5.304347826,3.722222222,0.244395771722193
"592","your",NA,2.37,4,1.277777778,-3.46844286774412
"593","yourself",NA,4.39,4.586206897,3.666666667,-0.330724787158612
"594","how",NA,1.35,2.62962963,1.8,-3.85061758409974
"595","what",NA,2,2.333333333,1.681818182,-4.19636475424615
"596","when",NA,1.6,2.217391304,0.882352941,-5.18924213180221
"597","where",NA,1.66,2.48,2.947368421,-2.65092296961984
"598","who",NA,1.74,2.615384615,2.25,-3.34841977861808
"599","why",NA,1.86,3.038461538,2.3125,-2.97570452171242
"600","which",NA,1.54,2.333333333,1.0625,-4.90149454255618
"601","about",NA,1.77,2.444444444,1.4375,-4.39533886157767
"602","above",NA,3.33,3.34375,3.235294118,-1.70745010704064
"603","around",NA,1.96,2.76,2.842105263,-2.57119637351331
"604","at",NA,2.07,2.291666667,2.058823529,-3.79682086321659
"605","away",NA,2.23,3.291666667,2.59375,-2.47500871024161
"606","back",NA,4.33,4.413043478,2.78125,-1.46224839685319
"607","behind",NA,3.48,3.466666667,3.526315789,-1.28849402677685
"608","beside",NA,2.59,2.857142857,4.052631579,-1.12370147635083
"609","by",NA,1.55,2.142857143,2,-3.96986142738964
"610","down",NA,3.52,4.75,3.277777778,-0.656751059023265
"611","for",NA,1.63,2.69047619,1.052631579,-4.65817058621346
"612","here",NA,3.13,3.714285714,3.333333333,-1.33172103827238
"613","in",NA,NA,NA,NA,NA
"614","inside",NA,3.67,4.276595745,3.111111111,-1.18393780120821
"615","into",NA,2.3,3.230769231,3.388888889,-1.61310251329408
"616","next to",NA,NA,NA,NA,NA
"617","of",NA,1.67,2.2,1.5625,-4.42725107912156
"618","off",NA,2.79,4.916666667,2.388888889,-1.55000824359356
"619","on",NA,3.25,3.851851852,3.411764706,-1.14436971991495
"620","on top of",NA,NA,NA,NA,NA
"621","out",NA,2.73,3.488888889,3.45,-1.35954472156059
"622","over",NA,2.46,3.387096774,2.421052632,-2.60361525913775
"623","there",NA,2.2,2.958333333,2.8125,-2.46353818612509
"624","to",NA,1.55,2.384615385,1.1875,-4.72262260222765
"625","under",NA,3.45,4.260869565,3.15,-1.15086964402765
"626","up",NA,3.83,3.962962963,4.133333333,-0.243625490280834
"627","with",NA,2,2.636363636,3.5,-1.91026888230017
"628","a",NA,1.46,NA,2.428571429,NA
"629","all",NA,2.27,2.64516129,3.25,-2.18863775024541
"630","a lot",NA,NA,NA,NA,NA
"631","an",NA,1.46,1.52,0.615384615,-5.9902787796593
"632","another",NA,2.69,2.862068966,2.4375,-2.95911159438365
"633","any",NA,1.72,3.043478261,1.447368421,-3.95713141058132
"634","each",NA,2.03,2.384615385,3.111111111,-2.53247941749188
"635","every",NA,2.28,2.266666667,1.555555556,-4.38763991658231
"636","more",NA,2.37,3.565217391,3.058823529,-1.75051744075814
"637","much",NA,1.69,2.533333333,3.0625,-2.48182471494934
"638","not",NA,2.08,2.833333333,1.564102564,-3.97400721601222
"639","none",NA,2.59,2.2,1.666666667,-4.3086512672874
"640","other",NA,2.04,2.375,2.571428571,-3.15379292480222
"641","same",NA,2.64,3.191489362,3.333333333,-1.70435315032732
"642","some",NA,2.48,3.086956522,2.657142857,-2.5487429384409
"643","the",NA,1.43,2.869565217,1.055555556,-4.52719267705226
"644","too",NA,1.7,2.451612903,1.684210526,-4.10933512892499
"645","am",NA,1.96,NA,2.444444444,NA
"646","are",NA,1.96,2.083333333,1.5625,-4.51040725717121
"647","be",NA,1.85,3.441176471,2.029411765,-3.01097493950179
"648","could",NA,1.34,2.5,1.647058824,-4.11714576600585
"649","diddid ya",NA,NA,NA,NA,NA
"650","do",NA,2.46,3.674418605,2.47826087,-2.33368676321864
"651","does",NA,2.24,2.172413793,1.882352941,-4.08274243814279
"652","gonnagoing to",NA,NA,NA,NA,NA
"653","gottagot to",NA,NA,NA,NA,NA
"654","haftahave to",NA,NA,NA,NA,NA
"655","is",NA,1.59,2.04,1.684210526,-4.40271932108163
"656","lemmelet me",NA,NA,NA,NA,NA
"657","needneed to",NA,NA,NA,NA,NA
"658","trytry to",NA,NA,NA,NA,NA
"659","was",NA,1.69,2.222222222,1.166666667,-4.86209109046384
"660","were",NA,1.48,2.25,1.315789474,-4.67250700712985
"661","will",NA,2.64,2.192307692,2.571428571,-3.28401001665032
"662","would",NA,1.12,1.888888889,1.294117647,-4.95456981259129
"663","and",NA,1.52,1.791666667,1.842105263,-4.39995083908036
"664","because",NA,1.22,3.043478261,1.421052632,-3.98709346767265
"665","but",NA,2.04,3,1.428571429,-4.00952275979255
"666","if",NA,1.19,2.041666667,1.529411765,-4.57777877257963
"667","so",NA,1.42,2.04,1.647058824,-4.44501869566485
"668","then",NA,1.44,2.086956522,1.055555556,-5.08501051532672
