Num_ANEW;ANEW;Eng_Word;Ita_Word;WordClass;Specificity_scaled
717;1;dazzle;abbaglio;s;3.1142857142857143
722;1;derelict;abbandonato;a;3.580645161290323
624;1;abundance;abbondanza;s;2.3440000000000003
218;1;hug;abbraccio;s;3.5142857142857147
-;0;fir;abete;s;4.6
813;1;inhabitant;abitante;s;1.5714285714285714
563;1;house;abitazione;s;2.2
133;1;dress;abito;s;1.9142857142857144
775;1;habit;abitudini;s;1.544
622;1;abortion;aborto;s;3.9417142857142857
1;1;abuse;abuso;s;2.2868571428571425
625;1;acceptance;accettazione;s;2.771428571428572
88;1;cozy;accogliente;a;2.7419354838709684
135;1;easygoing;accomodante;a;3.838709677419355
631;1;agreement;accordo;s;2.4285714285714293
486;1;water;acqua;s;2.7142857142857144
6;1;adorable;adorabile;a;2.450322580645161
221;1;hungry;affamato;a;3.549677419354839
159;1;fascinate;affascinare;v;2.225725094577553
162;1;fatigued;affaticato;a;3.6761290322580646
7;1;affection;affetto;s;2.3142857142857136
195;1;grief;afflizione;s;3.2857142857142856
591;1;drown;affogare;v;3.383354350567465
27;1;assault;aggressione;s;2.3714285714285714
9;1;aggressive;aggressivo;a;3.2270967741935483
848;1;limber;agile;a;2.419354838709677
22;1;agility;agilità;s;2.515428571428572
837;1;lamb;agnello;s;4.0285714285714285
897;1;needle;ago;s;3.971428571428572
10;1;agony;agonia;s;3.029714285714286
420;1;sunrise;alba;s;3.457142857142857
450;1;tree;albero;s;2.0857142857142854
582;1;alcoholic;alcolista;s;3.971428571428572
633;1;alien;alieno;a;3.0954838709677417
636;1;allergy;allergia;s;2.8011428571428567
11;1;alert;allerta;s;3.2582857142857145
14;1;ambition;ambizione;s;2.3440000000000003
15;1;ambulance;ambulanza;s;4.142857142857142
174;1;friend;amico;s;2.5702857142857143
5;1;admired;ammirato;a;3.0335483870967743
263;1;love;amore;s;1.7999999999999998
16;1;angel;angelo;s;3.029714285714286
700;1;corner;angolo;s;2.3142857142857136
19;1;anguished;angosciato;a;3.4206451612903233
48;1;bored;annoiato;a;2.9354838709677415
21;1;anxious;ansioso;a;2.67741935483871
259;1;listless;apatico;a;4.225806451612904
583;1;bees;ape;s;4.085714285714285
-;0;clothes_hanger;appendiabiti;s;4.113142857142858
267;1;luscious;appetitoso;a;3.7096774193548385
640;1;applause;applauso;s;3.8
252;1;learn;apprendere;v;1.7011349306431274
343;1;rainbow;arcobaleno;s;4.113142857142858
632;1;air;aria;s;2.3440000000000003
489;1;weapon;arma;s;1.7154285714285713
850;1;locker;armadietto;s;3.8
-;0;closet;armadio;s;3.1714285714285717
18;1;angry;arrabbiato;a;3.1625806451612903
25;1;arrogant;arrogante;a;3.740645161290322
367;1;rusty;arrugginito;v;4.238335435056746
643;1;art;arte;s;1.0845714285714287
738;1;elevator;ascensore;s;4.058285714285715
561;1;hairdryer;asciugacapelli;s;4.401142857142856
910;1;nursery;asilo;s;2.9428571428571435
989;1;sour;aspro;a;4.001290322580647
141;1;embattled;assediato;a;4.225806451612904
381;1;secure;assicurare;v;1.4186633039092056
626;1;ace;asso;s;3.0
623;1;absurd;assurdo;a;1.5806451612903225
474;1;venom;astio;s;3.2285714285714286
501;1;astronaut;astronauta;s;4.314285714285714
644;1;athletics;atletica;s;2.4285714285714293
933;1;penthouse;attico;s;4.257142857142857
4;1;activate;attivare;v;1.0
199;1;handsome;attraente;a;2.450322580645161
1015;1;tool;attrezzo;s;1.5142857142857142
45;1;bold;audace;a;3.580645161290323
715;1;dawn;aurora;s;3.457142857142857
541;1;bus;autobus;s;4.058285714285715
551;1;car;automobile;s;3.1142857142857143
562;1;highway;autostrada;s;3.656
29;1;autumn;autunno;s;3.1714285714285717
769;1;greed;avidità;s;3.3428571428571425
630;1;adventure;avventura;s;1.4
782;1;hardship;avversità;s;1.8571428571428568
248;1;kiss;bacio;s;3.3725714285714288
269;1;maggot;baco;s;4.257142857142857
548;1;bathroom;bagno;s;2.771428571428572
-;0;balcony;balcone;s;3.4
70;1;child;bambino;s;2.3988571428571426
728;1;doll;bambola;s;3.0571428571428574
32;1;bankrupt;bancarotta;s;4.001142857142857
753;1;flag;bandiera;s;2.741714285714286
650;1;bar;bar;s;2.8011428571428567
76;1;coffin;bara;s;4.001142857142857
529;1;sailboat;barca;s;3.0
651;1;barrel;barile;s;3.3428571428571425
677;1;cane;bastone;s;2.8011428571428567
660;1;bliss;beatitudine;s;3.0
31;1;baby;bebè;s;3.3154285714285714
35;1;beauty;bellezza;s;1.6971428571428573
654;1;beautiful;bello;a;1.2245161290322581
648;1;bandage;benda;s;3.4297142857142857
42;1;bless;benedire;v;3.756620428751576
659;1;blasphemy;bestemmia;s;3.886857142857143
653;1;beast;bestia;s;1.4868571428571429
542;1;white;bianco;a;3.2580645161290325
657;1;beverage;bibita;s;2.3440000000000003
-;0;glass;bicchiere;s;3.3428571428571425
-;0;bicycle;bicicletta;s;3.2582857142857145
662;1;blond;biondo;a;3.7096774193548385
75;1;cockroach;blatta;s;4.44
544;1;blue;blu;a;3.1935483870967745
-;0;mouth;bocca;s;3.029714285714286
970;1;scalding;bollente;a;4.225806451612904
832;1;kettle;bollitore;s;3.9417142857142857
46;1;bomb;bomba;s;2.970285714285714
664;1;board;bordo;s;2.6
666;1;bottle;bottiglia;s;3.4
667;1;bouquet;bouquet;s;3.1714285714285717
642;1;arm;braccio;s;3.656
307;1;patent;brevetto;s;3.886857142857143
669;1;breeze;brezza;s;3.9417142857142857
586;1;burn;bruciatura;s;3.0845714285714285
53;1;brutal;brutale;a;3.8154838709677423
460;1;ugly;brutto;a;1.2890322580645162
257;1;lie;bugia;s;2.7142857142857144
766;1;good;buono;a;1.0980645161290319
57;1;butter;burro;s;4.257142857142857
-;0;cactus;cactus;s;4.343999999999999
86;1;corpse;cadavere;s;3.9417142857142857
743;1;fall;caduta;s;1.9714285714285715
834;1;kick;calciare;v;3.383354350567465
483;1;warmth;calore;s;1.9417142857142855
-;0;sock;calza;s;2.741714285714286
-;0;bedroom;camera;s;2.2868571428571425
-;0;shirt;camicia;s;3.3154285714285714
577;1;truck;camion;s;3.8571428571428568
682;1;champ;campione;s;1.7999999999999998
558;1;field;campo;s;1.685714285714286
181;1;gangrene;cancrena;s;4.199999999999998
60;1;cancer;cancro;s;2.6274285714285712
-;0;candelabrum;candelabro;s;4.371428571428572
511;1;dog;cane;s;2.4285714285714293
678;1;cannon;cannone;s;3.6011428571428565
1026;1;vest;canottiera;s;4.142857142857142
681;1;cellar;cantina;s;3.5142857142857147
987;1;song;canzone;s;3.0571428571428574
684;1;chaos;caos;s;1.7725714285714285
62;1;capable;capace;a;1.9677419354838708
903;1;nipple;capezzolo;s;5.0
783;1;hat;cappello;s;2.6
906;1;noose;cappio;s;4.6571428571428575
-;0;coat;cappotto;s;3.2285714285714286
603;1;rifle;carabina;s;4.9725714285714275
829;1;jug;caraffa;s;4.199999999999998
61;1;candy;caramella;s;3.1714285714285717
679;1;carcass;carcassa;s;3.541714285714286
236;1;jail;carcere;s;3.4
64;1;caress;carezza;s;3.5142857142857147
97;1;cute;carino;a;1.3870967741935485
1029;1;wagon;carro;s;2.6274285714285712
-;0;carriage;carrozza;s;3.4845714285714284
303;1;paper;carta;s;2.0285714285714285
209;1;home;casa;s;2.142857142857143
487;1;waterfall;cascata;s;3.2285714285714286
680;1;casino;casinò;s;3.914285714285714
-;0;chest_of_drawers;cassettiera;s;4.113142857142858
401;1;slum;catapecchia;s;3.6011428571428565
741;1;evil;cattivo;a;1.3535483870967742
842;1;lawsuit;causa;s;1.7154285714285713
214;1;horse;cavallo;s;3.571428571428572
638;1;ankle;caviglia;s;4.343999999999999
587;1;cell;cellula;s;3.2857142857142856
509;1;dinner;cena;s;2.858285714285714
-;0;centerpiece;centrotavola;s;4.113142857142858
687;1;circle;cerchio;s;3.3154285714285714
-;0;brain;cervello;s;3.4
547;1;basket;cesto;s;2.741714285714286
68;1;charm;charme;s;2.657142857142857
243;1;kerosene;cherosene;s;4.798857142857143
833;1;key;chiave;s;2.8857142857142857
71;1;church;chiesa;s;2.515428571428572
612;1;surgery;chirurgia;s;3.0
514;1;food;cibo;s;1.2857142857142856
973;1;scar;cicatrice;s;3.7725714285714287
-;0;cyclamen;ciclamino;s;4.9725714285714275
98;1;cyclone;ciclone;s;4.001142857142857
205;1;heaven;cielo;s;2.8285714285714287
-;0;cherry_tree;ciliegio;s;4.343999999999999
65;1;cemetery;cimitero;s;3.5142857142857147
505;1;chocolate;cioccolato;s;3.7131428571428566
72;1;circus;circo;s;3.1714285714285717
73;1;city;città;s;2.3988571428571426
94;1;cuddle;coccolare;v;3.136191677175284
703;1;coward;codardo;a;3.549677419354839
17;1;anger;collera;s;2.9428571428571435
89;1;crash;collisione;s;3.1142857142857143
-;0;neck;collo;s;3.3725714285714288
730;1;dove;colombo;s;3.571428571428572
695;1;column;colonna;s;2.6
694;1;color;colore;s;1.544
747;1;fault;colpa;s;1.9142857142857144
594;1;hit;colpire;v;1.3152585119798237
596;1;knife;coltello;s;3.886857142857143
696;1;comfort;comfort;s;2.3988571428571426
77;1;comedy;commedia;s;2.0582857142857143
150;1;errand;commissione;s;2.515428571428572
-;0;dresser;comò;s;3.8
-;0;bedside_table;comodino;s;3.827428571428572
39;1;birthday;compleanno;s;3.656
552;1;computer;computer;s;3.914285714285714
78;1;concentrate;concentrarsi;v;2.742749054224464
80;1;confused;confuso;a;2.2567741935483867
54;1;bunny;coniglietto;s;4.0285714285714285
527;1;rabbit;coniglio;s;3.8
249;1;knowledge;conoscenza;s;1.5142857142857142
81;1;consoled;consolato;s;3.3154285714285714
503;1;cash;contante;s;2.8857142857142857
83;1;contents;contenuto;s;1.544
84;1;context;contesto;s;1.7154285714285713
506;1;couple;coppia;s;2.4285714285714293
668;1;brave;coraggioso;a;2.8374193548387097
698;1;cord;corda;s;2.858285714285714
-;0;frame;cornice;s;3.1142857142857143
90;1;crown;corona;s;3.3154285714285714
665;1;body;corpo;s;2.4285714285714293
701;1;corridor;corridoio;s;3.2285714285714286
571;1;runner;corridore;s;3.3428571428571425
245;1;kind;cortese;a;2.806451612903226
320;1;politeness;cortesia;s;2.4857142857142858
691;1;coast;costa;s;2.6274285714285712
608;1;skull;cranio;s;4.314285714285714
-;0;cupboard;credenza;s;2.5702857142857143
1022;1;twilight;crepuscolo;s;4.0285714285714285
705;1;criminal;criminale;a;3.967741935483871
704;1;crime;crimine;s;2.2274285714285718
706;1;crisis;crisi;s;1.342857142857143
91;1;crucify;crocifiggere;v;4.914249684741488
92;1;cruel;crudele;a;3.838709677419355
-;0;spoon;cucchiaio;s;3.541714285714286
336;1;puppy;cucciolo;s;2.4582857142857137
709;1;cuisine;cucina;s;2.0582857142857143
697;1;cook;cucinare;v;1.9155107187894076
787;1;heart;cuore;s;3.0
315;1;pillow;cuscino;s;3.2857142857142856
808;1;impair;danneggiare;v;1.9785624211853718
712;1;damage;danno;s;1.9142857142857144
101;1;debt;debito;s;2.515428571428572
164;1;feeble;debole;a;1.998709677419355
102;1;decompose;decomporsi;v;4.3139974779319035
719;1;decorate;decorare;v;2.7225725094577555
720;1;deformed;deforme;a;4.290322580645162
105;1;delight;delizia;s;1.8571428571428568
120;1;disappoint;deludere;v;2.233291298865069
106;1;demon;demonio;s;2.8857142857142857
282;1;money;denaro;s;2.9428571428571435
589;1;dentist;dentista;s;4.371428571428572
108;1;depression;depressione;s;2.970285714285714
107;1;depressed;depresso;a;3.1935483870967745
1010;1;tease;deridere;v;2.9974779319041613
1034;1;wish;desiderio;s;1.8571428571428568
114;1;detest;detestare;v;2.372005044136192
724;1;detail;dettaglio;s;2.3142857142857136
117;1;diamond;diamante;s;4.371428571428572
115;1;devil;diavolo;s;3.3154285714285714
118;1;dignified;dignitoso;a;3.3870967741935485
190;1;god;dio;s;2.7142857142857144
628;1;addicted;dipendente;a;2.772903225806452
119;1;diploma;diploma;s;3.628571428571429
121;1;disaster;disastro;s;1.4
733;1;dump;discarica;s;3.029714285714286
375;1;scorn;disdegno;s;3.656
109;1;deserter;disertore;s;3.8571428571428568
124;1;disgusted;disgustato;a;3.580645161290323
41;1;blase;disincantato;a;4.35483870967742
296;1;nonchalant;disinvolto;a;3.580645161290323
873;1;messy;disordinato;a;3.0645161290322585
110;1;despairing;disperato;a;3.645161290322581
878;1;mischief;dispetto;s;2.8011428571428567
126;1;displeased;dispiaciuto;a;2.8374193548387097
111;1;despise;disprezzare;v;2.9848675914249685
82;1;contempt;disprezzo;s;2.970285714285714
113;1;detached;distaccato;a;2.643870967741936
13;1;aloof;distante;a;2.0658064516129038
112;1;destroy;distruggere;v;2.162673392181589
723;1;destruction;distruzione;s;2.4582857142857137
727;1;disturb;disturbare;v;1.7011349306431274
752;1;finger;dito;s;3.457142857142857
-;0;sofa;divano;s;3.141714285714286
759;1;fun;divertimento;s;1.3702857142857143
128;1;divorce;divorzio;s;3.656
729;1;dollar;dollaro;s;3.7725714285714287
627;1;ache;dolore;s;1.2857142857142856
85;1;controlling;dominante;a;3.6761290322580646
498;1;woman;donna;s;2.6
943;1;present;dono;s;1.9714285714285715
399;1;sleep;dormire;v;1.8121059268600253
129;1;doctor;dottore;s;1.9714285714285715
581;1;addict;drogato;s;3.4845714285714284
781;1;hard;duro;a;2.323870967741936
151;1;excellence;eccellenza;s;2.4582857142857137
922;1;outstanding;eccezionale;a;2.9045161290322583
24;1;aroused;eccitato;a;3.1935483870967745
152;1;excitement;eccitazione;s;2.5428571428571427
550;1;building;edificio;s;2.1725714285714286
382;1;selfish;egoista;a;3.740645161290322
-;0;elephant;elefante;s;3.8571428571428568
139;1;elegant;elegante;a;2.354838709677419
825;1;item;elemento;s;1.0
641;1;appliance;elettrodomestico;s;2.3142857142857136
-;0;helicopter;elicottero;s;4.343999999999999
203;1;headache;emicrania;s;4.284571428571429
438;1;thrill;entusiasmare;v;3.244640605296343
1040;1;zest;entusiasmo;s;2.3142857142857136
768;1;grass;erba;s;2.6845714285714286
789;1;heroin;eroina;s;3.5142857142857147
512;1;erotic;erotico;a;4.063225806451611
880;1;mistake;errore;s;1.9142857142857144
154;1;execution;esecuzione;s;2.2868571428571425
23;1;army;esercito;s;2.657142857142857
155;1;exercise;esercizio;s;1.5714285714285714
735;1;ecstasy;estasi;s;2.741714285714286
138;1;elated;esultante;a;3.580645161290323
740;1;event;evento;s;1.4274285714285715
941;1;plain;evidente;a;2.612903225806452
-;0;marker;evidenziatore;s;4.371428571428572
556;1;face;faccia;s;2.771428571428572
734;1;easy;facile;a;1.4206451612903224
536;1;hawk;falco;s;3.8571428571428568
156;1;failure;fallimento;s;2.657142857142857
157;1;fame;fama;s;2.3142857142857136
611;1;starving;famelico;a;4.51483870967742
158;1;family;famiglia;s;2.2868571428571425
745;1;famous;famoso;a;2.870967741935484
785;1;headlight;fanale;s;4.199999999999998
983;1;slush;fanghiglia;s;3.571428571428572
887;1;muddy;fangoso;a;4.548387096774194
746;1;fantasy;fantasia;s;1.6285714285714286
58;1;butterfly;farfalla;s;3.6011428571428565
847;1;lighthouse;faro;s;3.457142857142857
187;1;glamour;fascino;s;2.0857142857142854
936;1;phase;fase;s;1.5142857142857142
908;1;nuisance;fastidio;s;2.2274285714285718
557;1;farm;fattoria;s;3.2582857142857145
748;1;favor;favore;s;1.8571428571428568
830;1;kerchief;fazzoletto;s;3.6011428571428565
750;1;fever;febbre;s;3.3725714285714288
377;1;scum;feccia;s;2.1725714285714286
200;1;happy;felice;a;1.8722580645161293
-;0;sweatshirt;felpa;s;3.029714285714286
394;1;sissy;femminuccia;s;3.541714285714286
468;1;vacation;ferie;s;3.457142857142857
595;1;injury;ferita;s;2.9154285714285715
620;1;wounds;ferite;a;3.2580645161290325
222;1;hurt;ferito;s;2.7142857142857144
565;1;iron;ferro;s;3.3725714285714288
305;1;party;festa;s;1.656
749;1;festive;festivo;a;2.870967741935484
169;1;foul;fetido;a;4.870967741935483
996;1;stench;fetore;s;3.571428571428572
674;1;busybody;ficcanaso;s;4.113142857142858
457;1;trust;fiducia;s;2.3714285714285714
79;1;confident;fiducioso;a;3.4206451612903233
784;1;hay;fieno;s;3.971428571428572
288;1;movie;film;s;2.3142857142857136
495;1;window;finestra;s;2.741714285714286
168;1;flower;fiore;s;1.9714285714285715
44;1;blossom;fiorire;v;3.0126103404791933
572;1;sky;firmamento;s;3.8
1030;1;whistle;fischio;s;3.6011428571428565
362;1;river;fiume;s;2.970285714285714
167;1;flabby;flaccido;a;4.83741935483871
754;1;flirt;flirtare;v;3.9836065573770494
-;0;sheet;foglio;s;3.141714285714286
856;1;mad;folle;a;2.450322580645161
974;1;scissors;forbici;s;3.7428571428571433
560;1;fork;forchetta;s;4.199999999999998
776;1;hairpin;forcina;s;4.771428571428571
414;1;strong;forte;a;1.6116129032258066
780;1;haphazard;fortuito;a;3.903225806451613
266;1;lucky;fortunato;a;2.323870967741936
170;1;fragrance;fragranza;s;2.4857142857142858
52;1;brother;fratello;s;3.3725714285714288
693;1;cold;freddo;a;2.2567741935483867
799;1;icebox;freezer;s;3.971428571428572
758;1;frigid;frigido;a;4.67741935483871
523;1;pancakes;frittella;s;3.9417142857142857
177;1;frustrated;frustrato;a;3.7096774193548385
979;1;shotgun;fucile;s;3.3154285714285714
598;1;lightning;fulmine;s;3.7428571428571433
178;1;funeral;funerale;s;3.7725714285714287
567;1;mushroom;fungo;s;1.9714285714285715
166;1;fire;fuoco;s;3.2582857142857145
-;0;leg;gamba;s;3.3428571428571425
517;1;kitten;gattino;s;3.886857142857143
504;1;cat;gatto;s;3.685714285714286
238;1;jelly;gelatina;s;3.4845714285714284
237;1;jealousy;gelosia;s;2.6274285714285712
763;1;gender;genere;s;1.544
525;1;people;gente;s;1.5988571428571428
183;1;gentle;gentile;a;1.8722580645161293
246;1;kindness;gentilezza;s;2.142857142857143
-;0;geranium;geranio;s;4.485714285714286
764;1;germs;germe;s;2.515428571428572
186;1;glacier;ghiacciaio;s;3.8
196;1;guillotine;ghigliottina;s;4.629714285714286
-;0;jacket;giacca;s;3.1142857142857143
761;1;garden;giardino;s;2.5702857142857143
534;1;garter;giarrettiera;s;4.885714285714286
515;1;gymnast;ginnasta;s;3.6011428571428565
1017;1;toy;giocattolo;s;2.113142857142857
760;1;game;gioco;s;1.2582857142857142
240;1;joy;gioia;s;2.2274285714285718
239;1;jewel;gioiello;s;2.3714285714285714
241;1;joyful;gioioso;a;2.354838709677419
1039;1;youth;gioventù;s;2.142857142857143
827;1;jolly;gioviale;a;3.516129032258065
242;1;justice;giustizia;s;2.1725714285714286
189;1;glory;gloria;s;2.2274285714285718
145;1;enjoyment;godimento;s;2.257142857142857
689;1;clumsy;goffo;a;3.2245161290322586
535;1;golfer;golfista;s;4.6
737;1;elbow;gomito;s;4.428571428571429
-;0;rubber;gomma;s;2.970285714285714
-;0;skirt;gonna;s;3.3428571428571425
-;0;clip;graffetta;s;4.686857142857144
771;1;grenade;granata;s;4.142857142857142
193;1;grateful;grato;a;3.1625806451612903
573;1;skyscraper;grattacielo;s;3.971428571428572
978;1;severe;grave;a;1.838709677419355
326;1;pretty;grazioso;a;2.67741935483871
707;1;crude;grezzo;a;3.6761290322580646
690;1;coarse;grossolano;a;3.1290322580645165
854;1;lump;grumo;s;3.5142857142857147
580;1;watch;guardia;s;2.113142857142857
786;1;heal;guarire;v;2.369482976040353
482;1;war;guerra;s;2.3988571428571426
522;1;owl;gufo;s;3.8
1007;1;taste;gusto;s;1.9988571428571429
777;1;hamburger;hamburger;s;4.542857142857144
779;1;handicap;handicap;s;2.771428571428572
795;1;hotel;hotel;s;3.141714285714286
220;1;humor;humor;s;2.6845714285714286
800;1;idea;idea;s;1.4
801;1;identity;identità;s;1.7268571428571429
802;1;idol;idolo;s;2.113142857142857
564;1;hydrant;idrante;s;4.572571428571429
803;1;ignorance;ignoranza;s;2.5428571428571427
140;1;embarrassed;imbarazzato;a;3.1625806451612903
805;1;imagine;immaginare;v;1.358133669609079
806;1;immature;immaturo;a;2.548387096774194
590;1;dirty;immondizia;s;2.771428571428572
807;1;immoral;immorale;a;2.870967741935484
8;1;afraid;impaurito;a;3.1935483870967745
143;1;engaged;impegnato;a;2.096774193548387
147;1;employment;impiego;s;1.685714285714286
224;1;impotent;impotente;a;3.516129032258065
225;1;impressed;impressionato;a;3.1935483870967745
809;1;incentive;incentivo;s;2.970285714285714
229;1;ink;inchiostro;s;3.685714285714286
2;1;accident;incidente;s;1.9714285714285715
69;1;cheer;incoraggiare;v;2.6847414880201765
295;1;nightmare;incubo;s;2.8857142857142857
206;1;helpless;indifeso;a;3.353548387096774
810;1;indifferent;indifferente;a;2.225806451612903
921;1;outrage;indignazione;s;2.8857142857142857
762;1;garment;indumento;s;1.886857142857143
227;1;industry;industria;s;1.886857142857143
20;1;annoy;infastidire;v;2.4955863808322825
516;1;infatuation;infatuazione;s;3.685714285714286
463;1;unhappy;infelice;a;2.032258064516129
812;1;inferior;inferiore;a;2.450322580645161
538;1;nurse;infermiere;s;3.541714285714286
788;1;hell;inferno;s;2.8011428571428567
228;1;infection;infezione;s;2.2274285714285718
647;1;bake;infornare;v;3.5901639344262297
149;1;enraged;infuriato;a;4.450322580645162
718;1;deceit;inganno;s;2.3440000000000003
755;1;flood;inondazione;s;3.541714285714286
428;1;tense;inquieto;a;3.2580645161290325
321;1;pollute;inquinare;v;2.6595208070617904
369;1;salad;insalata;s;3.029714285714286
1009;1;teacher;insegnante;s;3.1714285714285717
816;1;insect;insetto;s;1.8297142857142856
230;1;insecure;insicuro;a;2.643870967741936
658;1;bland;insipido;a;4.130322580645162
231;1;insolent;insolente;a;4.385806451612903
817;1;insult;insulto;s;2.1725714285714286
361;1;riot;insurrezione;s;3.1988571428571433
818;1;intellect;intelletto;s;3.1714285714285717
234;1;interest;interesse;s;1.6285714285714286
467;1;useless;inutile;a;2.161290322580645
823;1;invader;invasore;s;2.741714285714286
824;1;invest;investire;v;2.1677175283732657
342;1;rage;ira;s;3.1988571428571433
235;1;irritate;irritare;v;2.639344262295082
235;1;irritate;irritare;v;2.3240857503152585
232;1;inspire;ispirare;v;2.122320302648172
233;1;inspired;ispirato;a;2.7419354838709684
137;1;education;istruzione;s;2.305142857142857
831;1;ketchup;ketchup;s;4.856
244;1;killer;killer;s;3.7131428571428566
435;1;thief;ladro;s;3.4
250;1;lake;lago;s;3.2857142857142856
774;1;gripe;lamentela;s;2.7142857142857144
838;1;lamp;lampada;s;2.5702857142857143
566;1;lightbulb;lampadina;s;3.685714285714286
839;1;lantern;lanterna;s;3.886857142857143
663;1;blubber;lardo;s;4.113142857142858
876;1;milk;latte;s;2.8857142857142857
502;1;bath;lavare;v;1.7364438839848677
844;1;leader;leader;s;3.1142857142857143
265;1;loyal;leale;a;3.1625806451612903
254;1;leprosy;lebbra;s;4.5131428571428565
845;1;legend;leggenda;s;2.257142857142857
988;1;soothe;lenire;v;2.6796973518285
982;1;slow;lento;a;2.323870967741936
518;1;lion;leone;s;3.914285714285714
597;1;lesbian;lesbica;s;4.113142857142858
865;1;manure;letame;s;3.914285714285714
846;1;letter;lettera;s;2.0285714285714285
549;1;bed;letto;s;3.6011428571428565
255;1;liberty;liberazione;s;2.113142857142857
172;1;free;libero;a;2.1277419354838707
173;1;freedom;libertà;s;1.9988571428571429
-;0;bookcase;libreria;s;3.1142857142857143
47;1;book;libro;s;2.4285714285714293
984;1;smooth;liscio;a;3.0
338;1;quarrel;litigio;s;3.1988571428571433
751;1;fight;lotta;s;2.0857142857142854
853;1;lottery;lotteria;s;3.1988571428571433
716;1;daylight;luce;s;2.3714285714285714
671;1;bright;luminoso;a;3.0335483870967743
883;1;moody;lunatico;a;3.2580645161290325
268;1;luxury;lusso;s;2.2868571428571425
519;1;lust;lussuria;s;3.1142857142857143
656;1;bereavement;lutto;s;3.2582857142857145
855;1;machine;macchina;s;1.5988571428571428
397;1;slaughter;macello;s;2.9428571428571435
286;1;mother;madre;s;2.8011428571428567
858;1;magical;magico;a;2.2903225806451615
271;1;masterful;magistrale;a;3.2245161290322586
-;0;sweater;maglia;s;2.142857142857143
431;1;terrific;magnifico;a;1.9677419354838708
937;1;pig;maiale;s;3.628571428571429
390;1;sickness;malanno;s;1.9714285714285715
860;1;malaria;malaria;s;4.5131428571428565
804;1;illness;malattia;s;1.5988571428571428
726;1;discomfort;malessere;s;2.0582857142857143
270;1;malice;malevolenza;s;2.6274285714285712
136;1;eat;mangiare;v;1.5018915510718789
732;1;dummy;manichino;s;3.886857142857143
778;1;hand;mano;s;3.3154285714285714
1006;1;tamper;manomettere;v;4.40983606557377
634;1;alimony;mantenimento;s;2.858285714285714
-;0;daisy;margherita;s;4.0285714285714285
198;1;hammer;martello;s;3.7428571428571433
867;1;massacre;massacro;s;2.970285714285714
599;1;masturbate;masturbarsi;v;4.669609079445144
309;1;pencil;matita;s;3.3725714285714288
491;1;wedding;matrimonio;s;3.886857142857143
869;1;medicine;medicina;s;1.7999999999999998
400;1;slime;melma;s;3.7428571428571433
870;1;melody;melodia;s;2.858285714285714
274;1;memory;memoria;s;1.7154285714285713
36;1;beggar;mendicante;a;4.67741935483871
864;1;mantel;mensola;s;3.141714285714286
877;1;mind;mente;s;2.0857142857142854
685;1;chin;mento;s;3.7725714285714287
499;1;wonder;meraviglia;s;1.7725714285714285
866;1;market;mercato;s;2.257142857142857
283;1;month;mese;s;2.3988571428571426
-;0;ladle;mestolo;s;4.401142857142856
874;1;metal;metallo;s;1.5142857142857142
875;1;method;metodo;s;2.0857142857142854
792;1;honey;miele;s;3.7428571428571433
226;1;improve;migliorare;v;1.471626733921816
275;1;menace;minaccia;s;2.113142857142857
279;1;miracle;miracolo;s;2.4857142857142858
879;1;misery;miseria;s;2.2
273;1;meek;mite;a;2.612903225806452
881;1;mobility;mobilità;s;1.7999999999999998
280;1;modest;modesto;a;1.8722580645161293
863;1;manner;modo;s;1.342857142857143
1031;1;wife;moglie;s;3.7725714285714287
281;1;moment;momento;s;1.9417142857142855
500;1;world;mondo;s;1.9714285714285715
692;1;coin;moneta;s;2.8285714285714287
287;1;mountain;montagna;s;2.771428571428572
986;1;soft;morbido;a;3.0645161290322585
272;1;measles;morbillo;s;5.0
284;1;morbid;morboso;a;4.096774193548389
100;1;death;morte;s;2.7142857142857144
1021;1;tune;motivo;s;1.7154285714285713
-;0;motorcycle;motocicletta;s;3.3428571428571425
148;1;engine;motore;s;2.515428571428572
554;1;cow;mucca;s;4.001142857142857
886;1;mucus;muco;s;4.001142857142857
179;1;fungus;muffa;s;3.571428571428572
888;1;muffin;muffin;s;4.741714285714286
1032;1;windmill;mulino;s;3.685714285714286
-;0;wall;muro;s;3.0845714285714285
290;1;muscular;muscoloso;a;4.385806451612903
889;1;museum;museo;s;2.3988571428571426
291;1;music;musica;s;1.685714285714286
890;1;mutation;mutazione;s;2.2274285714285718
292;1;mutilate;mutilare;v;3.799495586380832
894;1;narcotic;narcotico;a;4.548387096774194
207;1;hide;nascondere;v;1.9785624211853718
-;0;nose;naso;s;3.8
293;1;nature;natura;s;1.2011428571428568
896;1;natural;naturale;a;1.3225806451612905
388;1;ship;nave;s;2.5428571428571427
898;1;neglect;negligenza;s;3.1714285714285717
899;1;nervous;nervoso;a;2.7083870967741936
294;1;nectar;nettare;s;4.113142857142858
575;1;snow;neve;s;2.9428571428571435
900;1;neurotic;nevrotico;a;4.67741935483871
836;1;knot;nodo;s;2.970285714285714
146;1;ennui;noia;s;1.9417142857142855
893;1;name;nome;s;1.544
901;1;news;notizie;s;1.544
576;1;swimmer;nuotatore;s;3.827428571428572
907;1;nourish;nutrire;v;2.3745271122320304
533;1;clouds;nuvole;s;2.858285714285714
923;1;overcast;nuvoloso;a;3.485161290322581
912;1;obey;obbedire;v;2.3493064312736447
911;1;obesity;obesità;s;3.9417142857142857
285;1;morgue;obitorio;s;4.227428571428572
-;0;eye;occhio;s;3.457142857142857
1033;1;wink;occhiolino;s;4.314285714285714
297;1;ocean;oceano;s;2.8857142857142857
202;1;hatred;avversione;s;2.6
201;1;hate;odio;s;2.113142857142857
913;1;obnoxious;odioso;a;2.9690322580645163
917;1;offend;offendere;v;2.3114754098360653
959;1;resent;offendersi;v;2.78562421185372
385;1;shadow;ombra;s;3.0
578;1;umbrella;ombrello;s;3.7428571428571433
289;1;murderer;omicida;s;3.2857142857142856
211;1;honor;onore;s;2.6845714285714286
298;1;opinion;opinione;s;1.8571428571428568
925;1;pamphlet;opuscolo;s;3.7428571428571433
919;1;option;opzione;s;1.886857142857143
299;1;orchestra;orchestra;s;3.2857142857142856
-;0;orchid;orchidea;s;4.542857142857144
1014;1;tidy;ordinato;a;3.1290322580645165
-;0;ear;orecchio;s;3.8
920;1;orgasm;orgasmo;s;4.085714285714285
327;1;pride;orgoglio;s;2.8011428571428567
334;1;proud;orgoglioso;a;3.0645161290322585
191;1;gold;oro;s;3.2582857142857145
688;1;clock;orologio;s;3.656
131;1;dreadful;orribile;a;3.0
213;1;horror;orrore;s;2.2
914;1;obscene;osceno;a;3.0645161290322585
215;1;hospital;ospedale;s;3.1714285714285717
915;1;obsession;ossessione;s;2.858285714285714
790;1;hinder;ostacolare;v;2.10718789407314
216;1;hostage;ostaggio;s;3.457142857142857
217;1;hostile;ostile;a;3.1935483870967745
918;1;optimism;ottimismo;s;3.3154285714285714
308;1;peace;pace;s;1.9417142857142855
-;0;pan;padella;s;3.7131428571428566
161;1;father;padre;s;3.2857142857142856
302;1;palace;palazzo;s;2.515428571428572
555;1;dustpan;paletta;s;3.2582857142857145
673;1;bullet;pallottola;s;4.371428571428572
1004;1;swamp;palude;s;3.656
655;1;bench;panca;s;3.141714285714286
601;1;panic;panico;s;2.3714285714285714
-;0;trouser;pantalone;s;3.0845714285714285
304;1;paradise;paradiso;s;2.4582857142857137
926;1;paralysis;paralisi;s;3.1142857142857143
927;1;part;parte;s;1.1714285714285713
928;1;passage;passaggio;s;1.6285714285714286
306;1;passion;passione;s;2.0285714285714285
524;1;pasta;pasta;s;2.3440000000000003
-;0;pastel;pastello;s;3.6011428571428565
314;1;pie;pasticcio;s;2.3440000000000003
930;1;patriot;patriota;s;3.4297142857142857
592;1;fear;paura;s;1.5988571428571428
-;0;floor;pavimento;s;2.9154285714285715
815;1;insane;pazzo;a;2.2567741935483867
393;1;sinful;peccaminoso;a;4.096774193548389
392;1;sin;peccato;s;1.457142857142857
180;1;fur;pelliccia;s;3.6011428571428565
301;1;pain;pena;s;2.0582857142857143
931;1;penalty;penalità;s;2.4582857142857137
932;1;penis;pene;s;3.914285714285714
-;0;pen;penna;s;2.657142857142857
1013;1;thought;pensiero;s;1.9142857142857144
437;1;thoughtful;pensieroso;a;2.8374193548387097
351;1;repentant;pentito;s;3.1714285714285717
-;0;pot;pentola;s;3.457142857142857
310;1;perfection;perfezione;s;1.7999999999999998
713;1;danger;pericolo;s;1.7428571428571429
852;1;lost;perso;a;1.998709677419355
311;1;person;persona;s;1.3702857142857143
1035;1;wit;perspicacia;s;3.2857142857142856
312;1;pervert;pervertito;s;3.8571428571428568
559;1;fish;pesce;s;2.4857142857142858
188;1;gloom;pessimismo;s;2.8011428571428567
313;1;pest;peste;s;3.541714285714286
767;1;gossip;pettegolezzo;s;3.457142857142857
317;1;pleasure;piacere;s;1.4
316;1;plant;pianta;s;1.685714285714286
408;1;square;piazza;s;3.1988571428571433
256;1;lice;pidocchi;s;4.142857142857142
757;1;foot;piede;s;3.685714285714286
940;1;pity;pietà;s;2.515428571428572
843;1;lazy;pigro;a;3.1935483870967745
-;0;pine;pino;s;4.085714285714285
569;1;rain;pioggia;s;3.3725714285714288
939;1;pistol;pistola;s;3.1988571428571433
949;1;python;pitone;s;4.401142857142856
924;1;paint;pitturare;v;3.01765447667087
526;1;pizza;pizza;s;3.7428571428571433
938;1;pinch;pizzicotto;s;4.456
318;1;poetry;poesia;s;2.4857142857142858
-;0;armchair;poltrona;s;3.7725714285714287
130;1;door;porta;s;2.9154285714285715
-;0;ashtray;posacenere;s;4.284571428571429
276;1;mighty;possente;a;3.485161290322581
683;1;chance;possibilità;s;1.4868571428571429
859;1;mail;posta;s;2.8857142857142857
942;1;poster;poster;s;2.5702857142857143
324;1;powerful;potente;a;2.096774193548387
323;1;power;potenza;s;1.7725714285714285
322;1;poverty;povertà;s;1.7154285714285713
325;1;prairie;prateria;s;3.4297142857142857
841;1;lawn;prato;s;2.3714285714285714
553;1;cliff;precipizio;s;3.656
455;1;troubled;preoccupato;a;2.7083870967741936
944;1;pressure;pressione;s;1.9142857142857144
945;1;prestige;prestigio;s;2.0285714285714285
328;1;priest;prete;s;3.1988571428571433
329;1;prison;prigione;s;2.8857142857142857
993;1;spring;primavera;s;2.9428571428571435
330;1;privacy;privacy;s;3.0
454;1;trouble;problema;s;1.2582857142857142
331;1;profit;profitto;s;2.5702857142857143
934;1;perfume;profumo;s;2.1725714285714286
947;1;progress;progresso;s;1.9988571428571429
332;1;promotion;promozione;s;2.142857142857143
492;1;whore;prostituta;s;3.8571428571428568
333;1;protected;protetto;a;3.1935483870967745
585;1;boxer;pugile;s;3.9417142857142857
99;1;dagger;pugnale;s;3.914285714285714
948;1;pungent;pungente;a;3.9341935483870967
335;1;punishment;punizione;s;1.9988571428571429
946;1;prick;puntura;s;3.029714285714286
602;1;pus;pus;s;4.227428571428572
337;1;putrid;putrido;a;5.0
793;1;hooker;puttana;s;3.3154285714285714
411;1;stink;puzza;s;2.0857142857142854
-;0;copybook;quaderno;s;3.141714285714286
950;1;quality;qualità;s;1.5988571428571428
-;0;oak;quercia;s;4.771428571428571
340;1;rabies;rabbia;s;2.4285714285714293
955;1;radiator;radiatore;s;4.170285714285715
341;1;radio;radio;s;2.9154285714285715
954;1;radiant;radioso;a;3.903225806451613
185;1;girl;ragazza;s;2.2274285714285718
835;1;kids;ragazzini;s;2.6
50;1;boy;ragazzo;s;2.5702857142857143
404;1;snuggle;raggomitolarsi;v;5.0
610;1;spider;ragno;s;3.3154285714285714
348;1;regretful;rammaricato;a;4.385806451612903
176;1;frog;rana;s;3.685714285714286
956;1;rancid;rancido;a;4.772903225806452
1005;1;swift;rapido;a;2.450322580645161
621;1;abduction;rapimento;s;3.0845714285714285
964;1;robber;rapinatore;s;4.001142857142857
957;1;razor;rasoio;s;3.9417142857142857
345;1;rat;ratto;s;3.4
247;1;king;re;s;3.3725714285714288
184;1;gift;regalo;s;2.113142857142857
952;1;queen;regina;s;2.8857142857142857
349;1;rejected;respinto;a;3.645161290322581
958;1;reptile;rettile;s;2.5428571428571427
962;1;revolver;revolver;s;4.410285714285714
40;1;blackmail;ricatto;s;3.0845714285714285
359;1;riches;ricchezze;s;1.8571428571428568
488;1;wealthy;ricco;a;2.2567741935483867
358;1;reward;ricompensa;s;2.0857142857142854
433;1;thankful;riconoscente;a;3.2245161290322586
871;1;memories;ricordi;s;2.0582857142857143
360;1;ridicule;ridicolo;a;2.772903225806452
615;1;trash;rifiuto;s;1.9988571428571429
-;0;ruler;righello;s;4.371428571428572
963;1;rigid;rigido;a;2.9354838709677415
350;1;relaxed;rilassato;a;2.419354838709677
347;1;refreshment;rinfresco;s;3.1714285714285717
387;1;sheltered;riparato;a;2.870967741935484
251;1;laughter;risata;s;2.6845714285714286
353;1;reserved;riservato;a;3.0
354;1;respect;rispetto;s;2.142857142857143
355;1;respectful;rispettoso;a;3.1625806451612903
639;1;answer;risposta;s;2.113142857142857
960;1;restaurant;ristorante;s;2.4857142857142858
3;1;achievement;risultato;s;2.1725714285714286
961;1;reunion;riunione;s;2.2868571428571425
356;1;reverent;riverente;a;4.001290322580647
828;1;journal;rivista;s;2.462857142857142
357;1;revolt;rivolta;s;2.5428571428571427
593;1;gun;rivoltella;s;4.170285714285715
965;1;rock;roccia;s;2.3142857142857136
364;1;romantic;romantico;a;3.1290322580645165
570;1;red;rosso;a;3.740645161290322
672;1;broken;rotto;a;3.0335483870967743
975;1;scorching;rovente;a;5.0
904;1;noisy;rumoroso;a;3.4206451612903233
966;1;rough;ruvido;a;3.740645161290322
-;0;willow;salice;s;4.542857142857144
770;1;greet;salutare;v;2.258511979823455
204;1;health;salute;s;2.113142857142857
370;1;salute;saluto;s;2.142857142857143
969;1;save;salvare;v;1.1639344262295084
352;1;rescue;salvataggio;s;2.8285714285714287
373;1;savior;salvatore;s;2.7142857142857144
584;1;bloody;sanguinoso;a;4.259354838709678
30;1;awed;sbalordito;a;3.903225806451613
-;0;stairs;scala;s;2.5428571428571427
971;1;scandal;scandalo;s;2.6845714285714286
363;1;roach;scarafaggio;s;3.7131428571428566
-;0;shoe;scarpa;s;2.4857142857142858
395;1;skeptical;scettico;a;4.259354838709678
826;1;joke;scherzo;s;2.1725714285714286
93;1;crushed;schiacciato;a;3.485161290322581
396;1;slap;schiaffo;s;3.628571428571429
756;1;foam;schiuma;s;2.9428571428571435
389;1;shy;schivo;a;3.6761290322580646
-;0;scarf;sciarpa;s;3.457142857142857
-;0;monkey;scimmia;s;2.9154285714285715
905;1;nonsense;sciocchezza;s;1.9874285714285715
49;1;bowl;scodella;s;3.971428571428572
-;0;colander;scolapasta;s;4.428571428571429
-;0;ink_remover;scolorina;s;4.686857142857144
-;0;scooter;scooter;s;3.6011428571428565
122;1;discouraged;scoraggiato;a;3.549677419354839
378;1;scurvy;scorbuto;s;4.572571428571429
485;1;waste;scorie;s;2.970285714285714
976;1;scorpion;scorpione;s;3.7725714285714287
1036;1;writer;scrittore;s;2.6274285714285712
-;0;desk;scrivania;s;3.7428571428571433
990;1;spanking;sculacciata;s;4.142857142857142
153;1;excuse;scusa;s;1.9142857142857144
123;1;disdainful;sdegnoso;a;3.3225806451612905
66;1;chair;sedia;s;3.4297142857142857
380;1;seat;sedile;s;3.4845714285714284
51;1;breast;seno;s;3.457142857142857
977;1;sentiment;sentimento;s;1.2857142857142856
56;1;burial;sepoltura;s;3.457142857142857
613;1;tank;serbatoio;s;4.001142857142857
464;1;untroubled;sereno;a;1.903225806451613
609;1;snake;serpente;s;2.741714285714286
384;1;sex;sesso;s;1.9988571428571429
391;1;silk;seta;s;4.371428571428572
530;1;sexy;sexy;a;3.0954838709677417
991;1;sphere;sfera;s;2.8011428571428567
999;1;stool;sgabello;s;4.058285714285715
895;1;nasty;sgradevole;a;2.67741935483871
967;1;safe;sicuro;a;2.225806451612903
425;1;syphilis;sifilide;s;4.915428571428572
339;1;quiet;silenzioso;a;3.740645161290322
902;1;nice;simpatico;a;1.8722580645161293
125;1;disloyal;sleale;a;3.516129032258065
403;1;snob;snob;s;3.7428571428571433
985;1;social;socievole;a;2.096774193548387
372;1;satisfied;soddisfatto;a;3.0
418;1;suffocate;soffocare;v;2.6796973518285
132;1;dream;sogno;s;2.2
532;1;sun;sole;s;3.6011428571428565
1003;1;sunlight;soleggiato;a;4.001290322580647
405;1;solemn;solenne;a;4.130322580645162
261;1;lonely;solitario;a;3.549677419354839
260;1;loneliness;solitudine;s;3.141714285714286
12;1;alone;solo;a;2.612903225806452
416;1;subdued;sommesso;a;4.001290322580647
346;1;rattle;sonaglio;s;3.9417142857142857
840;1;lavish;sontuoso;a;3.903225806451613
300;1;overwhelmed;sopraffatto;a;3.7096774193548385
1019;1;treat;sorpresa;s;2.113142857142857
422;1;surprised;sorpreso;a;2.772903225806452
773;1;grin;sorriso;s;3.1714285714285717
423;1;suspicious;sospettoso;a;3.0645161290322585
604;1;scared;spaventato;a;2.806451612903226
163;1;fearful;spaventoso;a;2.9329032258064514
574;1;space;spazio;s;1.1440000000000001
182;1;garbage;spazzatura;s;2.2868571428571425
-;0;mirror;specchio;s;3.1142857142857143
63;1;carefree;spensierato;a;2.9690322580645163
794;1;hope;speranza;s;2.257142857142857
212;1;hopeful;speranzoso;a;3.2580645161290325
34;1;beach;spiaggia;s;3.0
-;0;stapler;spillatrice;s;4.686857142857144
436;1;thorn;spina;s;2.8857142857142857
406;1;spirit;spirito;s;1.7428571428571429
165;1;filth;sporcizia;s;2.4285714285714293
725;1;dirt;sporco;a;2.5819354838709683
670;1;bride;sposa;s;3.3154285714285714
407;1;spouse;sposo;s;3.457142857142857
992;1;spray;spray;s;3.1142857142857143
376;1;scornful;sprezzante;a;4.225806451612904
606;1;shark;squalo;s;4.001142857142857
994;1;stagnant;stagnante;a;4.192258064516129
708;1;crutch;stampella;s;4.314285714285714
882;1;mold;stampo;s;2.2868571428571425
490;1;weary;stanco;a;2.323870967741936
995;1;statue;statua;s;3.6011428571428565
409;1;star;stella;s;2.657142857142857
998;1;stomach;stomaco;s;3.8
208;1;history;storia;s;1.2857142857142856
412;1;street;strada;s;2.1725714285714286
916;1;odd;strano;a;1.0
413;1;stress;stress;s;2.6274285714285712
127;1;distressed;stressato;a;2.9690322580645163
980;1;shriek;strillo;s;3.827428571428572
649;1;banner;striscione;s;3.6011428571428565
861;1;mangle;stritolare;v;4.152585119798234
1001;1;stove;stufa;s;3.685714285714286
410;1;startled;stupefatto;a;4.063225806451611
415;1;stupid;stupido;a;1.5470967741935484
28;1;astonished;stupito;a;2.9045161290322583
344;1;rape;stupro;s;4.085714285714285
417;1;success;successo;s;1.8297142857142856
772;1;grime;sudiciume;s;3.7428571428571433
699;1;cork;sughero;s;4.284571428571429
419;1;suicide;suicidio;s;3.1988571428571433
909;1;nun;suora;s;4.170285714285715
892;1;naked;svestito;a;3.967741935483871
441;1;tobacco;tabacco;s;3.6011428571428565
-;0;chopping_board;tagliere;s;3.7725714285714287
711;1;cut;taglio;s;2.2868571428571425
427;1;talent;talento;s;2.0857142857142854
-;0;carpet;tappeto;s;3.3428571428571425
426;1;table;tavolo;s;3.2285714285714286
1008;1;taxi;taxi;s;4.001142857142857
-;0;baking_pan;teglia;s;3.571428571428572
-;0;pencil_sharpener;temperino;s;4.085714285714285
1000;1;storm;tempesta;s;2.515428571428572
439;1;time;tempo;s;1.5988571428571428
710;1;curtains;tenda;s;3.1714285714285717
1011;1;tender;tenero;a;2.388387096774194
540;1;tennis;tennis;s;3.7428571428571433
434;1;theory;teoria;s;1.6285714285714286
429;1;termite;termite;s;4.428571428571429
1012;1;thermometer;termometro;s;4.371428571428572
134;1;earth;terra;s;2.1725714285714286
-;0;terrace;terrazzo;s;3.2857142857142856
430;1;terrible;terrificante;a;4.161290322580646
614;1;terrorist;terrorista;s;3.827428571428572
432;1;terrified;terrorizzato;a;4.130322580645162
997;1;stiff;teso;a;3.0954838709677417
449;1;treasure;tesoro;s;2.142857142857143
742;1;fabric;tessuto;s;2.142857142857143
-;0;head;testa;s;2.771428571428572
731;1;dreary;tetro;a;3.9341935483870967
-;0;roof;tetto;s;2.6845714285714286
-;0;tiger;tigre;s;3.7725714285714287
440;1;timid;timido;a;2.9690322580645163
442;1;tomb;tomba;s;3.571428571428572
-;0;mouse;topo;s;3.4
444;1;tornado;tornado;s;4.284571428571429
1016;1;tower;torre;s;3.141714285714286
59;1;cake;torta;s;2.771428571428572
445;1;torture;tortura;s;2.9154285714285715
446;1;toxic;tossico;a;3.967741935483871
37;1;betray;tradire;v;2.205548549810845
448;1;traitor;traditore;s;2.858285714285714
447;1;tragedy;tragedia;s;2.4857142857142858
-;0;tram;tram;s;3.656
421;1;sunset;tramonto;s;3.7131428571428566
531;1;skijump;trampolino;s;3.7131428571428566
253;1;leisurely;tranquillo;a;2.032258064516129
616;1;trauma;trauma;s;1.656
-;0;train;treno;s;3.541714285714286
452;1;triumphant;trionfante;a;4.096774193548389
451;1;triumph;trionfo;s;2.741714285714286
368;1;sad;triste;a;1.998709677419355
453;1;trophy;trofeo;s;2.8285714285714287
456;1;trumpet;tromba;s;3.4845714285714284
1020;1;trunk;tronco;s;3.1714285714285717
171;1;fraud;truffa;s;2.9428571428571435
-;0;t-shirt;t-shirt;s;3.886857142857143
510;1;diver;tuffatore;s;3.7428571428571433
459;1;tumor;tumore;s;2.9154285714285715
465;1;upset;turbato;a;3.4206451612903233
38;1;bird;uccello;s;2.142857142857143
568;1;office;ufficio;s;2.2
461;1;ulcer;ulcera;s;4.485714285714286
-;0;olive_tree;ulivo;s;4.0285714285714285
796;1;humane;umano;a;2.419354838709677
219;1;humble;umile;a;2.7083870967741936
797;1;humiliate;umiliare;v;2.9092055485498114
1023;1;unit;unità;s;1.685714285714286
537;1;man;uomo;s;1.7725714285714285
736;1;egg;uovo;s;3.2285714285714286
798;1;hurricane;uragano;s;3.656
617;1;urine;urina;s;4.771428571428571
605;1;scream;urlo;s;3.141714285714286
96;1;custom;usanza;s;2.0857142857142854
1024;1;utensil;utensile;s;1.7999999999999998
791;1;holiday;vacanza;s;2.3440000000000003
1025;1;vagina;vagina;s;4.7782857142857145
402;1;smallpox;vaiolo;s;4.828571428571428
645;1;avalanche;valanga;s;3.3725714285714288
470;1;vampire;vampiro;s;3.7131428571428566
471;1;vandal;vandalo;s;3.3725714285714288
472;1;vanity;vanità;s;3.1988571428571433
629;1;advantage;vantaggio;s;2.257142857142857
652;1;bathtub;vasca;s;3.3725714285714288
-;0;vase;vaso;s;2.858285714285714
277;1;mildew;vecchiume;s;2.6274285714285712
473;1;vehicle;veicolo;s;1.656
319;1;poison;veleno;s;3.0
953;1;quick;veloce;a;2.1277419354838707
386;1;shamed;vergognato;a;3.2245161290322586
458;1;truth;verità;s;2.4285714285714293
661;1;blister;vescica;s;4.284571428571429
484;1;wasp;vespa;s;3.8571428571428568
74;1;clothing;vestito;s;2.3440000000000003
765;1;glass;vetro;s;3.2857142857142856
1018;1;travel;viaggiare;v;1.7566204287515763
1028;1;voyage;viaggio;s;1.9417142857142855
646;1;avenue;viale;s;2.9428571428571435
637;1;alley;vicolo;s;3.1714285714285717
476;1;vigorous;vigoroso;a;3.869677419354839
477;1;village;villaggio;s;2.142857142857143
87;1;cottage;villetta;s;3.1714285714285717
494;1;win;vincere;v;1.2950819672131146
496;1;wine;vino;s;2.858285714285714
478;1;violent;violento;a;3.2580645161290325
579;1;violin;violino;s;4.257142857142857
479;1;virtue;virtù;s;2.0582857142857143
480;1;vision;vista;s;2.0582857142857143
258;1;life;vita;s;1.544
618;1;victim;vittima;s;2.741714285714286
475;1;victory;vittoria;s;2.515428571428572
849;1;lively;vivace;a;2.19483870967742
635;1;alive;vivo;a;2.388387096774194
508;1;desire;voglia;s;1.2285714285714284
481;1;vomit;vomito;s;3.3428571428571425
619;1;volcano;vulcano;s;3.457142857142857
1037;1;yacht;yacht;s;4.542857142857144
371;1;sapphire;zaffiro;s;4.6
885;1;mosquito;zanzara;s;4.629714285714286
1002;1;sugar;zucchero;s;4.001142857142857